Product__c,Upfront_Commission__c,Trail_Commission__c,Active__c
a342000000005PwAAI,1.25,0.5,FALSE
a342000000005PwAAI,0.9,0.45,TRUE
a342000000005PxAAI,0.05,0,TRUE
a342000000005PyAAI,0,0.1,TRUE
a342000000005PzAAI,0,0.9,TRUE
a342000000005Q0AAI,1.25,0.5,TRUE
a342000000005Q1AAI,0.8,0.4,TRUE
a342000000005Q2AAI,0,0.08,TRUE
a342000000005Q3AAI,0.8,0.4,TRUE
a342000000005Q4AAI,0,0.08,TRUE
a342000000005Q5AAI,1,0.5,TRUE
a342000000005Q6AAI,0.5,0,TRUE
a342000000005Q7AAI,1,0.5,TRUE
a342000000005Q8AAI,0.4,0,TRUE
a342000000005Q9AAI,1,0.5,TRUE
a342000000005QAAAY,1.25,0,TRUE
a342000000005QBAAY,1,0.5,TRUE
a342000000005QCAAY,0,0.05,TRUE
a342000000005QDAAY,0.75,0.45,TRUE
a342000000005QEAAY,0,0.55,TRUE
a342000000005QFAAY,0.75,0.45,TRUE
a342000000005QGAAY,0.5,0,TRUE
a342000000005QHAAY,0.75,0.45,TRUE
a342000000005QIAAY,0.75,0.45,TRUE
a342000000005QJAAY,0.75,0.45,TRUE
a342000000005QKAAY,0.75,0.45,TRUE
a342000000005QLAAY,0.5,0,TRUE
a342000000005QMAAY,0.24,0,TRUE
a342000000005QNAAY,0,0.04,TRUE
a342000000005QOAAY,0,0.04,TRUE
a342000000005QPAAY,0.75,0.45,TRUE
a342000000005QQAAY,0.5,0.85,TRUE
a342000000005QRAAY,0.5,0.85,TRUE
a342000000005QSAAY,1.25,0,TRUE
a342000000005QTAAY,0.5,0.85,TRUE
a342000000005QUAAY,0,0.7,TRUE
a342000000005QVAAY,0.5,0.85,TRUE
a342000000005QWAAY,0.7,0,TRUE
a342000000005QXAAY,0.5,0.85,TRUE
a342000000005QYAAY,4.5,0,TRUE
a342000000005QZAAY,0.5,0.85,TRUE
a342000000005QaAAI,0.4,0,TRUE
a342000000005QbAAI,0.5,0.6,TRUE
a342000000005QcAAI,0,0.6,TRUE
a342000000005QdAAI,0.9,0.6,TRUE
a342000000005QeAAI,1.3,0,TRUE
a342000000005QfAAI,0.55,0.6,TRUE
a342000000005QgAAI,0.55,0.6,TRUE
a342000000005QhAAI,0.55,0.6,TRUE
a342000000005QiAAI,0.55,0.6,TRUE
a342000000005QjAAI,0.55,0.6,TRUE
a342000000005QkAAI,3.75,0,TRUE
a342000000005QlAAI,0.55,0.6,TRUE
a342000000005QmAAI,0.55,0.6,TRUE
a342000000005QnAAI,0,0.9,TRUE
a342000000005QoAAI,0,0.9,TRUE
a342000000005QpAAI,0.5,0,TRUE
a342000000005QqAAI,0,0.05,TRUE
a342000000005QrAAI,0.9,0.35,TRUE
a342000000005QsAAI,0.8,0,TRUE
a342000000005QtAAI,0.8,0,TRUE
a342000000005QuAAI,0,0.9,TRUE
a342000000005QvAAI,0,0.9,TRUE
a342000000005QwAAI,0,0.9,TRUE
a342000000005QxAAI,0,1.4,FALSE
a342000000005QxAAI,3.25,0,TRUE
a342000000005QyAAI,0.9,0.35,TRUE
a342000000005QzAAI,0.9,0.35,TRUE
a342000000005R0AAI,0.9,0.35,TRUE
a342000000005R1AAI,0.9,0.35,TRUE
a342000000005R2AAI,0.55,0.35,TRUE
a342000000005R3AAI,0.5,0.75,TRUE
a342000000005R4AAI,0,0.75,TRUE
a342000000005R5AAI,0.5,0.75,TRUE
a342000000005R6AAI,0.75,0,TRUE
a342000000005R7AAI,0.85,0.4,TRUE
a342000000005R8AAI,0,0.3,FALSE
a342000000005R8AAI,0,0.3,TRUE
a342000000005R9AAI,0,0.75,TRUE
a342000000005RAAAY,0,0.1,TRUE
a342000000005RBAAY,0.85,0.4,FALSE
a342000000005RBAAY,2.1,0,TRUE
a342000000005RCAAY,0.5,0.75,TRUE
a342000000005RDAAY,0.75,0.4,TRUE
a342000000005REAAY,1.15,0,TRUE
a342000000005RFAAY,1,0,TRUE
a342000000005RGAAY,0.5,0.75,TRUE
a342000000005RHAAY,3,0,TRUE
a342000000005RIAAY,0.5,0.75,TRUE
a342000000005RJAAY,0,0.6,TRUE
a342000000005RKAAY,0.45,0.55,TRUE
a342000000005RLAAY,0.45,0.55,TRUE
a342000000005RMAAY,0,0.6,TRUE
a342000000005RNAAY,0.4,0.4,TRUE
a342000000005ROAAY,0,0.04,TRUE
a342000000005RPAAY,0.45,0.55,TRUE
a342000000005RQAAY,0.45,0.55,TRUE
a342000000005RRAAY,0.45,0.55,TRUE
a342000000005RSAAY,2.1,0,TRUE
a342000000005RTAAY,0.45,0.55,TRUE
a342000000005RUAAY,0.75,0.75,TRUE
a342000000005RVAAY,0.75,0.75,TRUE
a342000000005RWAAY,0.75,0.75,TRUE
a342000000005RXAAY,0,0.05,TRUE
a342000000005RYAAY,0.6,0,TRUE
a342000000005RZAAY,0.75,0.4,TRUE
a342000000005RaAAI,0.02,0,TRUE
a342000000005RbAAI,1,0,TRUE
a342000000005RcAAI,3.25,0,TRUE
a342000000005RdAAI,0,0.75,TRUE
a342000000005ReAAI,0,0.75,TRUE
a342000000005RfAAI,0.5,0.75,TRUE
a342000000005RgAAI,0.5,0.75,TRUE
a342000000005RhAAI,0.4,0.45,TRUE
a342000000005RiAAI,0.4,0.35,TRUE
a342000000005RjAAI,0,0.32,TRUE
a342000000005RkAAI,0.4,0.45,TRUE
a342000000005RlAAI,0.4,0.35,TRUE
a342000000005RmAAI,3.25,0,TRUE
a342000000005RnAAI,0.5,0.5,TRUE
a342000000005RoAAI,0.5,1.5,FALSE
a342000000005RoAAI,0.75,0.7,TRUE
a342000000005RpAAI,0.15,0,FALSE
a342000000005RpAAI,0.6,0,TRUE
a342000000005RqAAI,0,0.25,TRUE
a342000000005RrAAI,0.5,0.4,TRUE
a342000000005RsAAI,0.9,0.5,TRUE
a342000000005RtAAI,0.7,0,TRUE
a342000000005RuAAI,0.9,0.5,TRUE
a342000000005RvAAI,0,0.6,TRUE
a342000000005RwAAI,0,0.35,TRUE
a342000000005RxAAI,1.05,0.3,TRUE
a342000000005RyAAI,0.75,0.4,TRUE
a342000000005RzAAI,3.8,0,TRUE
a342000000005S0AAI,1.05,0,TRUE
a342000000005S1AAI,0.7,0.35,TRUE
a342000000005S2AAI,0.7,0.35,TRUE
a342000000005S3AAI,0.65,0,TRUE
a342000000005S4AAI,3.75,0,TRUE
a342000000005S5AAI,0.7,0.35,TRUE
a342000000005S6AAI,0.5,0.5,TRUE
a342000000005S7AAI,0.5,0.5,TRUE
a342000000005S8AAI,3,0,TRUE
a342000000005S9AAI,0.75,0.45,TRUE
a342000000005SAAAY,0.75,0.45,TRUE
a342000000005SBAAY,0,0.04,TRUE
a342000000005SCAAY,0.75,0.5,FALSE
a342000000005SCAAY,0.55,0.3,TRUE
a342000000005SDAAY,0.75,0.5,TRUE
a342000000005SEAAY,0.55,0.3,TRUE
a342000000005SFAAY,19,0,TRUE
a342000000005SGAAY,19,0,TRUE
a342000000005SHAAY,20,0,TRUE
a342000000005SIAAY,20,0,TRUE
a342000000005SJAAY,20,0,TRUE
a342000000005SKAAY,20,0,TRUE
a342000000005SLAAY,20,0,TRUE
a342000000005SMAAY,20,0,TRUE
a342000000005SNAAY,20,0,TRUE
a342000000005SOAAY,32,0,TRUE
a342000000005SPAAY,33,0,TRUE
a342000000005SQAAY,20,0,TRUE
a342000000005SRAAY,18,0,TRUE
a342000000005SSAAY,18,0,TRUE
a342000000005STAAY,18,0,TRUE
a342000000005SUAAY,18,0,TRUE
a342000000005SVAAY,18,0,TRUE
a342000000005SWAAY,18,0,TRUE
a342000000005SXAAY,18,0,TRUE
a342000000005SYAAY,18,0,TRUE
a342000000005SZAAY,18,0,TRUE
a342000000005SaAAI,18,0,TRUE
a342000000005SbAAI,18,0,TRUE
a342000000005ScAAI,0,0,TRUE
a342000000005SdAAI,0,0,TRUE
a342000000005SeAAI,20,0,TRUE
a342000000005SfAAI,0,0,TRUE
a342000000005SgAAI,0,0,TRUE
a342000000005ShAAI,0.5,0.4,TRUE
a342000000005SiAAI,0.5,0.4,TRUE
a342000000005SjAAI,0.6,0,TRUE
a342000000005SkAAI,0.5,0.4,TRUE
a342000000005SlAAI,0.5,0.4,TRUE
a342000000005SmAAI,0.5,0.4,TRUE
a342000000005SnAAI,0.16,0,TRUE
a342000000005SoAAI,0.5,0.4,TRUE
a342000000005SpAAI,0.75,0.45,TRUE
a342000000005SqAAI,0,0,TRUE
a342000000005SrAAI,0.75,0.45,TRUE
a342000000005SsAAI,0.75,0.45,TRUE
a342000000005StAAI,0.32,0.65,TRUE
a342000000005SuAAI,0.75,0.45,TRUE
a342000000005SvAAI,0.75,0.45,TRUE
a342000000005SwAAI,1.05,0.35,TRUE
a342000000005SxAAI,0,0.35,TRUE
a342000000005SyAAI,1.15,0,TRUE
a342000000005SzAAI,0,0,TRUE
a342000000005T0AAI,0.45,0.55,TRUE
a342000000005T1AAI,0,1.4,TRUE
a342000000005T2AAI,0,0.6,TRUE
a342000000005T3AAI,0,1.4,TRUE
a342000000005T4AAI,0,0.85,TRUE
