Name,Is_Active__c,Short_Code__c
DSP,TRUE,DSP
Birla,TRUE,Birla
HDFC,TRUE,HDFC
Axis,TRUE,Axis
IDFC,TRUE,IDFC
Franklin India,TRUE,Franklin India
ICICI Prudential,TRUE,ICICI Prudential
IDFC,TRUE,IDFC
KOTAK,TRUE,KOTAK
L&T,TRUE,L&T
Principal,TRUE,Principal
Reliance,TRUE,Reliance
Religare,TRUE,Religare
SBI,TRUE,SBI
Sundaram,TRUE,Sundaram
TATA,TRUE,TATA
Templeton,TRUE,Templeton
UTI,TRUE,UTI
Pramerica ,TRUE,Pramerica 
ICICI,TRUE,ICICI
Apollo,TRUE,Apollo
Bajaj Allianz,TRUE,Bajaj Allianz
BSLI,TRUE,BSLI
Health Guard,TRUE,Health Guard
Premium ,TRUE,Premium 
Preventive Health Care,TRUE,Preventive Health Care
Top Up Policy,TRUE,Top Up Policy
