Product_Name__c,Is_Recommended__c,Is_Active__c,ProductType__c,Product_Manufacturer__c,RecordTypeId
Axis Equity Fund,TRUE,TRUE,Mutual Fund,a33200000000BbFAAU,01220000000638OAAQ
Axis Gold ETF Growth,TRUE,TRUE,Mutual Fund,a33200000000BbFAAU,01220000000638OAAQ
Axis Money Manager Fund,TRUE,TRUE,Mutual Fund,a33200000000BbFAAU,01220000000638OAAQ
Axis Treasury Advantage Fund,TRUE,TRUE,Mutual Fund,a33200000000BbFAAU,01220000000638OAAQ
Axis Triple Advanatage Fund,TRUE,TRUE,Mutual Fund,a33200000000BbFAAU,01220000000638OAAQ
Axis Triple Advantage Fund - Growth,TRUE,TRUE,Mutual Fund,a33200000000BbFAAU,01220000000638OAAQ
Axis Treasury Advantage Fund - Growth,TRUE,TRUE,Mutual Fund,a33200000000BbFAAU,01220000000638OAAQ
Axis Triple Advantage Fund,TRUE,TRUE,Mutual Fund,a33200000000BbFAAU,01220000000638OAAQ
Axis Treasury Advantage,TRUE,TRUE,Mutual Fund,a33200000000BbFAAU,01220000000638OAAQ
Birla Sun Life Dividend Yield Plus,TRUE,TRUE,Mutual Fund,a33200000000BbDAAU,01220000000638OAAQ
Birla Sun Life Dynamic Bond Fund,TRUE,TRUE,Mutual Fund,a33200000000BbDAAU,01220000000638OAAQ
Birla Sun Life Frontline Equity Fund,TRUE,TRUE,Mutual Fund,a33200000000BbDAAU,01220000000638OAAQ
Birla Sun Life Gold Fund,TRUE,TRUE,Mutual Fund,a33200000000BbDAAU,01220000000638OAAQ
Birla Sun Life Infrastructure Fund,TRUE,TRUE,Mutual Fund,a33200000000BbDAAU,01220000000638OAAQ
Birla Sun Life Medium Term Plan,TRUE,TRUE,Mutual Fund,a33200000000BbDAAU,01220000000638OAAQ
Birla Sun Life MidCap Fund,TRUE,TRUE,Mutual Fund,a33200000000BbDAAU,01220000000638OAAQ
Birla Sun Life Savings Fund,TRUE,TRUE,Mutual Fund,a33200000000BbDAAU,01220000000638OAAQ
Birla Sun Life 95,TRUE,TRUE,Mutual Fund,a33200000000BbDAAU,01220000000638OAAQ
Birla Sun Life Asset Allocation Aggressive,TRUE,TRUE,Mutual Fund,a33200000000BbDAAU,01220000000638OAAQ
Birla Sun Life Frontline Equity,TRUE,TRUE,Mutual Fund,a33200000000BbDAAU,01220000000638OAAQ
Birla Sun Life Dynamic Bond (less than 5 cr),TRUE,TRUE,Mutual Fund,a33200000000BbDAAU,01220000000638OAAQ
Birla Sun Life Long Term Adv,TRUE,TRUE,Mutual Fund,a33200000000BbDAAU,01220000000638OAAQ
Birla Sun Life Small and Midcap Fund,TRUE,TRUE,Mutual Fund,a33200000000BbDAAU,01220000000638OAAQ
Birla Sun Life Special Situations,TRUE,TRUE,Mutual Fund,a33200000000BbDAAU,01220000000638OAAQ
Birla Sun Life Top 100,TRUE,TRUE,Mutual Fund,a33200000000BbDAAU,01220000000638OAAQ
Birla Dynamic Bond Fund [Less than 5 crore],TRUE,TRUE,Mutual Fund,a33200000000BbDAAU,01220000000638OAAQ
Birla Dynamic Bond Fund [more than 5 crore],TRUE,TRUE,Mutual Fund,a33200000000BbDAAU,01220000000638OAAQ
Birla Savings  Fund - Insti Plan,TRUE,TRUE,Mutual Fund,a33200000000BbDAAU,01220000000638OAAQ
Birla Savings  Fund - Retail Plan,TRUE,TRUE,Mutual Fund,a33200000000BbDAAU,01220000000638OAAQ
Birla Dividend Yield Plus Fund,TRUE,TRUE,Mutual Fund,a33200000000BbDAAU,01220000000638OAAQ
DSP BlackRock Equity Fund ,TRUE,TRUE,Mutual Fund,a33200000000BbCAAU,01220000000638OAAQ
DSP BlackRock Equity Fund - Regular Plan,TRUE,TRUE,Mutual Fund,a33200000000BbCAAU,01220000000638OAAQ
DSP BlackRock Income Opportunities Fund ,TRUE,TRUE,Mutual Fund,a33200000000BbCAAU,01220000000638OAAQ
DSP BlackRock Micro Cap Fund,TRUE,TRUE,Mutual Fund,a33200000000BbCAAU,01220000000638OAAQ
DSP BlackRock Money Manager Fund,TRUE,TRUE,Mutual Fund,a33200000000BbCAAU,01220000000638OAAQ
DSP BlackRock Opportunities Fund,TRUE,TRUE,Mutual Fund,a33200000000BbCAAU,01220000000638OAAQ
DSP BlackRock Short Term Fund,TRUE,TRUE,Mutual Fund,a33200000000BbCAAU,01220000000638OAAQ
DSP BlackRock Small and Mid Cap Fund,TRUE,TRUE,Mutual Fund,a33200000000BbCAAU,01220000000638OAAQ
DSP BlackRock Tax Saver Fund ,TRUE,TRUE,Mutual Fund,a33200000000BbCAAU,01220000000638OAAQ
DSP BlackRock Top 100 Equity Fund,TRUE,TRUE,Mutual Fund,a33200000000BbCAAU,01220000000638OAAQ
DSP Short Term Fund,TRUE,TRUE,Mutual Fund,a33200000000BbCAAU,01220000000638OAAQ
DSP Equity Fund,TRUE,TRUE,Mutual Fund,a33200000000BbCAAU,01220000000638OAAQ
DSP Money Manager Fund - Reg,TRUE,TRUE,Mutual Fund,a33200000000BbCAAU,01220000000638OAAQ
DSP BlackRock Balanced,TRUE,TRUE,Mutual Fund,a33200000000BbCAAU,01220000000638OAAQ
DSP BlackRock Bond,TRUE,TRUE,Mutual Fund,a33200000000BbCAAU,01220000000638OAAQ
DSP BlackRock Equity,TRUE,TRUE,Mutual Fund,a33200000000BbCAAU,01220000000638OAAQ
DSP BlackRock Micro Cap Reg,TRUE,TRUE,Mutual Fund,a33200000000BbCAAU,01220000000638OAAQ
DSP BlackRock Opportunities,TRUE,TRUE,Mutual Fund,a33200000000BbCAAU,01220000000638OAAQ
DSP BlackRock Small and Mid Cap Reg,TRUE,TRUE,Mutual Fund,a33200000000BbCAAU,01220000000638OAAQ
DSP BlackRock T.I.G.E.R. Reg,TRUE,TRUE,Mutual Fund,a33200000000BbCAAU,01220000000638OAAQ
DSP BlackRock Tax Saver,TRUE,TRUE,Mutual Fund,a33200000000BbCAAU,01220000000638OAAQ
DSP BlackRock Top 100 Equity Reg,TRUE,TRUE,Mutual Fund,a33200000000BbCAAU,01220000000638OAAQ
DSP BlackRock TOP 100 Reg,TRUE,TRUE,Mutual Fund,a33200000000BbCAAU,01220000000638OAAQ
Templeton India Equity Income Fund,TRUE,TRUE,Mutual Fund,a33200000000BbRAAU,01220000000638OAAQ
Templeton India Growth Fund,TRUE,TRUE,Mutual Fund,a33200000000BbRAAU,01220000000638OAAQ
Templeton India Short Term Income Plan,TRUE,TRUE,Mutual Fund,a33200000000BbRAAU,01220000000638OAAQ
Templeton India Treasury Management Account - Regular Plan,TRUE,TRUE,Mutual Fund,a33200000000BbRAAU,01220000000638OAAQ
Templeton India Growth,TRUE,TRUE,Mutual Fund,a33200000000BbRAAU,01220000000638OAAQ
Templeton India Short Term  Income,TRUE,TRUE,Mutual Fund,a33200000000BbRAAU,01220000000638OAAQ
Templeton India Short-term Income Ret,TRUE,TRUE,Mutual Fund,a33200000000BbRAAU,01220000000638OAAQ
Franklin India Bluechip Fund,TRUE,TRUE,Mutual Fund,a33200000000BbHAAU,01220000000638OAAQ
Franklin India Flexi Cap Fund,TRUE,TRUE,Mutual Fund,a33200000000BbHAAU,01220000000638OAAQ
Franklin India Prima Fund,TRUE,TRUE,Mutual Fund,a33200000000BbHAAU,01220000000638OAAQ
Franklin India Tax Shield,TRUE,TRUE,Mutual Fund,a33200000000BbHAAU,01220000000638OAAQ
Franklin India Bluechip,TRUE,TRUE,Mutual Fund,a33200000000BbHAAU,01220000000638OAAQ
Franklin India Opportunities,TRUE,TRUE,Mutual Fund,a33200000000BbHAAU,01220000000638OAAQ
Franklin India Prima Plus,TRUE,TRUE,Mutual Fund,a33200000000BbHAAU,01220000000638OAAQ
Franklin India Flexi Cap,TRUE,TRUE,Mutual Fund,a33200000000BbHAAU,01220000000638OAAQ
Franklin India Balanced,TRUE,TRUE,Mutual Fund,a33200000000BbHAAU,01220000000638OAAQ
HDFC Balanced Fund,TRUE,TRUE,Mutual Fund,a33200000000BbEAAU,01220000000638OAAQ
HDFC Cash Management Treasury Advantage Fund,TRUE,TRUE,Mutual Fund,a33200000000BbEAAU,01220000000638OAAQ
HDFC Equity Fund,TRUE,TRUE,Mutual Fund,a33200000000BbEAAU,01220000000638OAAQ
HDFC Gold Fund,TRUE,TRUE,Mutual Fund,a33200000000BbEAAU,01220000000638OAAQ
HDFC Growth Fund,TRUE,TRUE,Mutual Fund,a33200000000BbEAAU,01220000000638OAAQ
HDFC High Interest Fund - Short Term Plan,TRUE,TRUE,Mutual Fund,a33200000000BbEAAU,01220000000638OAAQ
HDFC Index Fund - Sensex Plus Plan,TRUE,TRUE,Mutual Fund,a33200000000BbEAAU,01220000000638OAAQ
HDFC Liquid Fund,TRUE,TRUE,Mutual Fund,a33200000000BbEAAU,01220000000638OAAQ
HDFC Long Term Advantage Fund,TRUE,TRUE,Mutual Fund,a33200000000BbEAAU,01220000000638OAAQ
HDFC Mid-Cap Opportunities Fund ,TRUE,TRUE,Mutual Fund,a33200000000BbEAAU,01220000000638OAAQ
HDFC Monthly Income Plan - Long Term Plan,TRUE,TRUE,Mutual Fund,a33200000000BbEAAU,01220000000638OAAQ
HDFC Monthly Income Plan - Short Term Plan,TRUE,TRUE,Mutual Fund,a33200000000BbEAAU,01220000000638OAAQ
HDFC Multiple Yield Fund,TRUE,TRUE,Mutual Fund,a33200000000BbEAAU,01220000000638OAAQ
HDFC Prudence Fund,TRUE,TRUE,Mutual Fund,a33200000000BbEAAU,01220000000638OAAQ
HDFC Tax Saver,TRUE,TRUE,Mutual Fund,a33200000000BbEAAU,01220000000638OAAQ
HDFC Top 200 Fund,TRUE,TRUE,Mutual Fund,a33200000000BbEAAU,01220000000638OAAQ
HDFC Cash Management Treasury Advantage,TRUE,TRUE,Mutual Fund,a33200000000BbEAAU,01220000000638OAAQ
HDFC Equity,TRUE,TRUE,Mutual Fund,a33200000000BbEAAU,01220000000638OAAQ
HDFC Growth,TRUE,TRUE,Mutual Fund,a33200000000BbEAAU,01220000000638OAAQ
HDFC High Interest,TRUE,TRUE,Mutual Fund,a33200000000BbEAAU,01220000000638OAAQ
HDFC Income,TRUE,TRUE,Mutual Fund,a33200000000BbEAAU,01220000000638OAAQ
HDFC Medium Term Opportunities,TRUE,TRUE,Mutual Fund,a33200000000BbEAAU,01220000000638OAAQ
HDFC Mid-Cap Opportunities,TRUE,TRUE,Mutual Fund,a33200000000BbEAAU,01220000000638OAAQ
HDFC Premier Multi Cap,TRUE,TRUE,Mutual Fund,a33200000000BbEAAU,01220000000638OAAQ
HDFC Prudence,TRUE,TRUE,Mutual Fund,a33200000000BbEAAU,01220000000638OAAQ
HDFC Taxsaver,TRUE,TRUE,Mutual Fund,a33200000000BbEAAU,01220000000638OAAQ
HDFC Top 200,TRUE,TRUE,Mutual Fund,a33200000000BbEAAU,01220000000638OAAQ
ICICI Blue Chip Fund Growth,TRUE,TRUE,Mutual Fund,a33200000000BbUAAU,01220000000638OAAQ
ICICI Discovery,TRUE,TRUE,Mutual Fund,a33200000000BbUAAU,01220000000638OAAQ
ICICI Dynamic Plan,TRUE,TRUE,Mutual Fund,a33200000000BbUAAU,01220000000638OAAQ
ICICI Flexi Income Fund,TRUE,TRUE,Mutual Fund,a33200000000BbUAAU,01220000000638OAAQ
ICICI Pru Dynamic Bond,TRUE,TRUE,Mutual Fund,a33200000000BbIAAU,01220000000638OAAQ
ICICI Pru Focused Bluechip Eq Retail,TRUE,TRUE,Mutual Fund,a33200000000BbIAAU,01220000000638OAAQ
ICICI Prudential Long term,TRUE,TRUE,Mutual Fund,a33200000000BbIAAU,01220000000638OAAQ
ICICI Prudential Regular Savings,TRUE,TRUE,Mutual Fund,a33200000000BbIAAU,01220000000638OAAQ
ICICI Prudential Tax Plan,TRUE,TRUE,Mutual Fund,a33200000000BbIAAU,01220000000638OAAQ
IDFC Dynamic Bond Fund,TRUE,TRUE,Mutual Fund,a33200000000BbGAAU,01220000000638OAAQ
IDFC Money Manager Fund - Treasury Plan A,TRUE,TRUE,Mutual Fund,a33200000000BbGAAU,01220000000638OAAQ
IDFC Premier Equity Fund - Plan A,TRUE,TRUE,Mutual Fund,a33200000000BbGAAU,01220000000638OAAQ
IDFC Sterling Equity Fund ,TRUE,TRUE,Mutual Fund,a33200000000BbGAAU,01220000000638OAAQ
IDFC Sterling Equity,TRUE,TRUE,Mutual Fund,a33200000000BbGAAU,01220000000638OAAQ
IDFC Premier Equity,TRUE,TRUE,Mutual Fund,a33200000000BbGAAU,01220000000638OAAQ
IDFC Money Manager,TRUE,TRUE,Mutual Fund,a33200000000BbGAAU,01220000000638OAAQ
IDFC Imperial Equity,TRUE,TRUE,Mutual Fund,a33200000000BbGAAU,01220000000638OAAQ
IDFC Premier Equity Plan A,TRUE,TRUE,Mutual Fund,a33200000000BbGAAU,01220000000638OAAQ
IDFC Tax Advantage,TRUE,TRUE,Mutual Fund,a33200000000BbGAAU,01220000000638OAAQ
Pramerica Credit Opportunities Fund,TRUE,TRUE,Mutual Fund,a33200000000BbTAAU,01220000000638OAAQ
Pramerica Equity Fund,TRUE,TRUE,Mutual Fund,a33200000000BbTAAU,01220000000638OAAQ
Pramerica Short Term Income Fund,TRUE,TRUE,Mutual Fund,a33200000000BbTAAU,01220000000638OAAQ
Pramerica Ultra Short Term Bond Fund,TRUE,TRUE,Mutual Fund,a33200000000BbTAAU,01220000000638OAAQ
Reliance Dynamic Bond Fund,TRUE,TRUE,Mutual Fund,a33200000000BbMAAU,01220000000638OAAQ
Reliance Equity Opportunities Fund - Retail Plan (G),TRUE,TRUE,Mutual Fund,a33200000000BbMAAU,01220000000638OAAQ
Reliance Gold Savings Fund,TRUE,TRUE,Mutual Fund,a33200000000BbMAAU,01220000000638OAAQ
Reliance Growth Fund - Retail Plan,TRUE,TRUE,Mutual Fund,a33200000000BbMAAU,01220000000638OAAQ
Reliance Liquid Fund - Cash Plan,TRUE,TRUE,Mutual Fund,a33200000000BbMAAU,01220000000638OAAQ
Reliance Money Manager Fund - Retail Plan,TRUE,TRUE,Mutual Fund,a33200000000BbMAAU,01220000000638OAAQ
Reliance Monthly Income Plan,TRUE,TRUE,Mutual Fund,a33200000000BbMAAU,01220000000638OAAQ
Reliance Regular Savings Fund - Debt Option - Retail Plan,TRUE,TRUE,Mutual Fund,a33200000000BbMAAU,01220000000638OAAQ
Reliance Tax Saver (ELSS) Fund,TRUE,TRUE,Mutual Fund,a33200000000BbMAAU,01220000000638OAAQ
Reliance Dynamic Bond,TRUE,TRUE,Mutual Fund,a33200000000BbMAAU,01220000000638OAAQ
Reliance Long Term Equity,TRUE,TRUE,Mutual Fund,a33200000000BbMAAU,01220000000638OAAQ
Reliance Regular Savings Equity,TRUE,TRUE,Mutual Fund,a33200000000BbMAAU,01220000000638OAAQ
Reliance Short-term,TRUE,TRUE,Mutual Fund,a33200000000BbMAAU,01220000000638OAAQ
Reliance Tax Saver,TRUE,TRUE,Mutual Fund,a33200000000BbMAAU,01220000000638OAAQ
Reliance Vision,TRUE,TRUE,Mutual Fund,a33200000000BbMAAU,01220000000638OAAQ
SBI Dynamic Bond Fund,TRUE,TRUE,Mutual Fund,a33200000000BbOAAU,01220000000638OAAQ
SBI Emerging Businesses Fund - Regular Plan - G,TRUE,TRUE,Mutual Fund,a33200000000BbOAAU,01220000000638OAAQ
SBI Magnum Tax Gain,TRUE,TRUE,Mutual Fund,a33200000000BbOAAU,01220000000638OAAQ
SBI Magnum Contra,TRUE,TRUE,Mutual Fund,a33200000000BbOAAU,01220000000638OAAQ
SBI Magnum Equity,TRUE,TRUE,Mutual Fund,a33200000000BbOAAU,01220000000638OAAQ
SBI Short Term Ret,TRUE,TRUE,Mutual Fund,a33200000000BbOAAU,01220000000638OAAQ
Sundaram Select Focus,TRUE,TRUE,Mutual Fund,a33200000000BbPAAU,01220000000638OAAQ
Sundaram Select Mid Cap,TRUE,TRUE,Mutual Fund,a33200000000BbPAAU,01220000000638OAAQ
Sundaram Growth,TRUE,TRUE,Mutual Fund,a33200000000BbPAAU,01220000000638OAAQ
Apollo Munich Easy Health Individual,TRUE,TRUE,General Insurance,a33200000000BbVAAU,01220000000638EAAQ
Apollo Munich Optima Senior,TRUE,TRUE,General Insurance,a33200000000BbVAAU,01220000000638EAAQ
Bajaj Allianz Individual Health Guard,TRUE,TRUE,General Insurance,a33200000000BbWAAU,01220000000638EAAQ
Bajaj Allianz Critical Care j Allianz,TRUE,TRUE,General Insurance,a33200000000BbWAAU,01220000000638EAAQ
Bajaj Allianz Critical Care Policy,TRUE,TRUE,General Insurance,a33200000000BbWAAU,01220000000638EAAQ
Bajaj Allianz Critical Illness Cover,TRUE,TRUE,General Insurance,a33200000000BbWAAU,01220000000638EAAQ
Bajaj Allianz Extra Care,TRUE,TRUE,General Insurance,a33200000000BbWAAU,01220000000638EAAQ
Bajaj Allianz Health Guard,TRUE,TRUE,General Insurance,a33200000000BbWAAU,01220000000638EAAQ
Bajaj Allianz Premier Personal Guard,TRUE,TRUE,General Insurance,a33200000000BbWAAU,01220000000638EAAQ
BSLI Protector Plus Plan,TRUE,TRUE,Life Insurance,a33200000000BbXAAU,01220000000638JAAQ
HDFC Life Click 2 Protect,TRUE,TRUE,Life Insurance,a33200000000BbEAAU,01220000000638JAAQ
Health Guard,TRUE,TRUE,General Insurance,a33200000000BbYAAU,01220000000638EAAQ
ICICI Critical Care,TRUE,TRUE,General Insurance,a33200000000BbUAAU,01220000000638EAAQ
ICICI Health Care Plus,TRUE,TRUE,Mutual Fund,a33200000000BbUAAU,01220000000638OAAQ
ICICI Lombard Critical Care,TRUE,TRUE,General Insurance,a33200000000BbUAAU,01220000000638EAAQ
ICICI Lombard Critical Care Cover,TRUE,TRUE,General Insurance,a33200000000BbUAAU,01220000000638EAAQ
ICICI Lombard Health Protect Family Floater,TRUE,TRUE,General Insurance,a33200000000BbUAAU,01220000000638EAAQ
ICICI Lombard Health Protect Plus,TRUE,TRUE,General Insurance,a33200000000BbUAAU,01220000000638EAAQ
ICICI Lombard Persoanl Accident Cover,TRUE,TRUE,General Insurance,a33200000000BbUAAU,01220000000638EAAQ
ICICI Lombard Personal Protect Plan,TRUE,TRUE,General Insurance,a33200000000BbUAAU,01220000000638EAAQ
ICICI Lombard Top Up Cover,TRUE,TRUE,General Insurance,a33200000000BbUAAU,01220000000638EAAQ
ICICI Personal Protect,TRUE,TRUE,General Insurance,a33200000000BbUAAU,01220000000638EAAQ
ICICI Personal Protect Policy,TRUE,TRUE,General Insurance,a33200000000BbUAAU,01220000000638EAAQ
ICICI Pru Capital Protection,TRUE,TRUE,General Insurance,a33200000000BbIAAU,01220000000638EAAQ
ICICI Prudential Capital Protection Oriented Fund,TRUE,TRUE,Mutual Fund,a33200000000BbIAAU,01220000000638OAAQ
Premium persoanl Guard,TRUE,TRUE,Mutual Fund,a33200000000BbZAAU,01220000000638OAAQ
Preventive Health Care,TRUE,TRUE,General Insurance,a33200000000BbaAAE,01220000000638EAAQ
"Top Up Policy with Rs.4,00,000 deductible",TRUE,TRUE,Mutual Fund,a33200000000BbbAAE,01220000000638OAAQ
UTI  Equity,TRUE,TRUE,Mutual Fund,a33200000000BbSAAU,01220000000638OAAQ
UTI Dividend Yield,TRUE,TRUE,Mutual Fund,a33200000000BbSAAU,01220000000638OAAQ
UTI Dynamic Bond,TRUE,TRUE,Mutual Fund,a33200000000BbSAAU,01220000000638OAAQ
UTI Master Plus 91,TRUE,TRUE,Mutual Fund,a33200000000BbSAAU,01220000000638OAAQ
UTI Master Share,TRUE,TRUE,Mutual Fund,a33200000000BbSAAU,01220000000638OAAQ
UTI Opportunities,TRUE,TRUE,Mutual Fund,a33200000000BbSAAU,01220000000638OAAQ
UTI Short-term Income Regular,TRUE,TRUE,Mutual Fund,a33200000000BbSAAU,01220000000638OAAQ
UTI TOP 100,TRUE,TRUE,Mutual Fund,a33200000000BbSAAU,01220000000638OAAQ
Tata Balanced,TRUE,TRUE,Mutual Fund,a33200000000BbQAAU,01220000000638OAAQ
Tata Contra,TRUE,TRUE,Mutual Fund,a33200000000BbQAAU,01220000000638OAAQ
Tata Equity oppurtunities,TRUE,TRUE,Mutual Fund,a33200000000BbQAAU,01220000000638OAAQ
Tata Equity PE,TRUE,TRUE,Mutual Fund,a33200000000BbQAAU,01220000000638OAAQ
Tata Income,TRUE,TRUE,Mutual Fund,a33200000000BbQAAU,01220000000638OAAQ
Tata Mid Cap,TRUE,TRUE,Mutual Fund,a33200000000BbQAAU,01220000000638OAAQ
Tata Pure Equity,TRUE,TRUE,Mutual Fund,a33200000000BbQAAU,01220000000638OAAQ
Religare Invesco Mid Cap,TRUE,TRUE,Mutual Fund,a33200000000BbNAAU,01220000000638OAAQ
Religare Invesco Tax Plan,TRUE,TRUE,Mutual Fund,a33200000000BbNAAU,01220000000638OAAQ
Kotak Bond,TRUE,TRUE,Mutual Fund,a33200000000BbJAAU,01220000000638OAAQ
Kotak Sensex ETF,TRUE,TRUE,Mutual Fund,a33200000000BbJAAU,01220000000638OAAQ
Principal Income Short-term,TRUE,TRUE,Mutual Fund,a33200000000BbLAAU,01220000000638OAAQ
L&T Equity Fund,TRUE,TRUE,Mutual Fund,a33200000000BbKAAU,01220000000638OAAQ
L&T Flexi Bond,TRUE,TRUE,Mutual Fund,a33200000000BbKAAU,01220000000638OAAQ
L&T India Large Cap Fund,TRUE,TRUE,Mutual Fund,a33200000000BbKAAU,01220000000638OAAQ
L&T Tax Advantage Fund,TRUE,TRUE,Mutual Fund,a33200000000BbKAAU,01220000000638OAAQ
