ID,ENTITY__C
a3Lw00000000WWxEAM,0012000000Z9Qwt
a3Lw00000000WWyEAM,0012000000Z9Qwt
a3Lw00000000WWzEAM,0012000000Z9Qwt
a3Lw00000000WX0EAM,0012000000Z9Qwt
a3Lw00000000WX1EAM,0012000000Z9Qwt
a3Lw00000000WX2EAM,0012000000Z9Qwt
a3Lw00000000WX3EAM,0012000000Z9Qwt
a3Lw00000000WX4EAM,0012000000Z9Qwt
a3Lw00000000WX5EAM,0012000000Z9Qwt
a3Lw00000000WX6EAM,0012000000Z9Qwt
a3Lw00000000WX7EAM,0012000000Z9Qwt
a3Lw00000000WX8EAM,0012000000Z9Qwt
a3Lw00000000WX9EAM,0012000000Z9Qwt
a3Lw00000000WXAEA2,0012000000Z9Qwt
a3Lw00000000WXBEA2,0012000000Z9Qwt
a3Lw00000000WXCEA2,0012000000Z9Qwt
