"ID","ENTITY__C","ACTUAL UPFRONT","EXECUTION_TRACKER__C","STATUS"
"a3Lw00000000XDSEA2","0012000000YWku8","10","a0l20000003qRgB","Item Created"
"a3Lw00000000XDTEA2","0012000000YWku8","15","a0l20000003qRgG","Item Created"
"a3Lw00000000XDUEA2","0012000000YWku8","25","a0l20000003qRgQ","Item Created"
"a3Lw00000000XDVEA2","0012000000YWku8","6","a0l20000003qg5u","Item Created"
"a3Lw00000000XDWEA2","0012000000YWku8","10.5","a0l20000003qg5z","Item Created"
"a3Lw00000000XDXEA2","0012000000YWku8","87.5","a0l20000003qg64","Item Created"
"a3Lw00000000XDYEA2","0012000000YWku8","7.5","a0l20000003qg69","Item Created"
"a3Lw00000000XDZEA2","0012000000bGELE","3750","a0l20000000CSeQ","Item Created"
"a3Lw00000000XDaEAM","0012000000bGELE","23000","a0l20000001EB2c","Item Created"
"a3Lw00000000XDbEAM","0012000000bGELE","2800","a0l20000001ErZh","Item Created"
"a3Lw00000000XDcEAM","0012000000bGELE","9","a0l20000005TRTB","Item Created"
"a3Lw00000000XDdEAM","0012000000bGELE","10","a0l20000005TRTG","Item Created"
"a3Lw00000000XDeEAM","0012000000eZbjK","6000","a0l20000001FWYP","Item Created"
"a3Lw00000000XDfEAM","0012000000koYDy","679.44","a0l20000001GC91","Item Created"
"a3Lw00000000XDgEAM","0012000000koYDy","40","a0l20000001GI7a","Item Created"
"a3Lw00000000XDhEAM","0012000000koYDy","1116.21","a0l20000001GRLs","Item Created"
"a3Lw00000000XDiEAM","0012000000koYDy","997.19","a0l20000001GYGF","Item Created"
"a3Lw00000000XDjEAM","0012000000koYDy","45","a0l20000001GbLV","Item Created"
"a3Lw00000000XDkEAM","0012000000koYDy","9","a0l20000003pwwY","Item Created"
"a3Lw00000000XDlEAM","0012000000koYDy","10","a0l20000003pwwr","Item Created"
"a3Lw00000000XDmEAM","0012000000koYDy","3","a0l20000003pwx6","Item Created"
"a3Lw00000000XDnEAM","0012000000koYDy","10","a0l20000003pwxB","Item Created"
"a3Lw00000000XDoEAM","0012000000koYDy","10","a0l20000003pwwZ","Item Created"
"a3Lw00000000XDpEAM","0012000000koYDy","200","a0l20000003qLOd","Item Created"
"a3Lw00000000XDqEAM","0012000000koYDy","130","a0l20000005QM1f","Item Created"
"a3Lw00000000XDrEAM","0012000000koYDy","355","a0l20000005SI6x","Item Created"
"a3Lw00000000XDsEAM","0012000000koYDy","9","a0l20000005TJdc","Item Created"
"a3Lw00000000XDtEAM","0012000000VJWQa","4200","a0l20000000UDUJ","Item Created"
"a3Lw00000000XDuEAM","0012000000VJWQa","88","a0l20000000B207","Item Created"
"a3Lw00000000XDvEAM","0012000000VJWQa","17.5","a0l20000001FlPU","Item Created"
"a3Lw00000000XDwEAM","0012000000VJWQa","40","a0l20000001Frlt","Item Created"
"a3Lw00000000XDxEAM","0012000000SENJc","13720","a0l20000000TqrS","Item Created"
"a3Lw00000000XDyEAM","0012000000SENJc","182","a0l20000000TrLw","Item Created"
"a3Lw00000000XDzEAM","0012000000SENJc","1510","a0l20000000TrM1","Item Created"
"a3Lw00000000XE0EAM","0012000000SENJc","181","a0l20000001F3gu","Item Created"
"a3Lw00000000XE1EAM","0012000000SENJc","11138","a0l20000001FZrt","Item Created"
"a3Lw00000000XE2EAM","0012000000Wf6eM","5000","a0l20000000ArNy","Item Created"
"a3Lw00000000XE3EAM","0012000000Wf6eM","197","a0l20000001FHnZ","Item Created"
"a3Lw00000000XE4EAM","0012000000oqNll","7.5","a0l20000003pwxG","Item Created"
"a3Lw00000000XE5EAM","0012000000oqNll","15.3","a0l20000003pwxL","Item Created"
"a3Lw00000000XE6EAM","0012000000oqNll","26","a0l20000003pwxQ","Item Created"
"a3Lw00000000XE7EAM","0012000000oqNll","35","a0l20000003pwxV","Item Created"
"a3Lw00000000XE8EAM","0012000000oqNll","17.4","a0l20000003pwxa","Item Created"
"a3Lw00000000XE9EAM","0012000000jqcTW","200","a0l20000001FdZb","Item Created"
"a3Lw00000000XEAEA2","0012000000jqcTW","1000","a0l20000001FdZX","Item Created"
"a3Lw00000000XEBEA2","0012000000jqcTW","1000","a0l20000001Ffrn","Item Created"
"a3Lw00000000XECEA2","0012000000jqcTW","361","a0l20000001Fh6k","Item Created"
"a3Lw00000000XEDEA2","0012000000jqcTW","13","a0l20000001FhyI","Item Created"
"a3Lw00000000XEEEA2","0012000000jqcTW","250","a0l20000001FkJ6","Item Created"
"a3Lw00000000XEFEA2","0012000000jqcTW","300","a0l20000001FwUf","Item Created"
"a3Lw00000000XEGEA2","0012000000jqcTW","1020","a0l20000001G5O7","Item Created"
"a3Lw00000000XEHEA2","0012000000jqcTW","1020","a0l20000001GI8T","Item Created"
"a3Lw00000000XEIEA2","0012000000jqcTW","1100","a0l20000001GOwM","Item Created"
"a3Lw00000000XEJEA2","0012000000jqcTW","275","a0l20000001GSkx","Item Created"
"a3Lw00000000XEKEA2","0012000000jqcTW","125","a0l20000003n0FW","Item Created"
"a3Lw00000000XELEA2","0012000000jqcTW","137","a0l20000003n0Fg","Item Created"
"a3Lw00000000XEMEA2","0012000000jqcTW","30","a0l20000003noaI","Item Created"
"a3Lw00000000XENEA2","0012000000jqcTW","30","a0l20000003nobZ","Item Created"
"a3Lw00000000XEOEA2","0012000000jqcTW","400","a0l20000003nobe","Item Created"
"a3Lw00000000XEPEA2","0012000000jqcTW","5250","a0l20000003qCSx","Item Created"
"a3Lw00000000XEQEA2","0012000000jqcTW","30","a0l20000003qCT7","Item Created"
"a3Lw00000000XEREA2","0012000000jqcTW","300","a0l20000003qCSo","Item Created"
"a3Lw00000000XESEA2","0012000000jqcTW","60","a0l20000003qCTC","Item Created"
"a3Lw00000000XETEA2","0012000000jqcTW","45","a0l20000003qCTH","Item Created"
"a3Lw00000000XEUEA2","0012000000jqcTW","60","a0l20000003qCTM","Item Created"
"a3Lw00000000XEVEA2","0012000000jqcTW","13.5","a0l20000003qCTR","Item Created"
"a3Lw00000000XEWEA2","0012000000jqcTW","16.5","a0l20000003qCTW","Item Created"
"a3Lw00000000XEXEA2","0012000000jqcTW","16.5","a0l20000005R2nS","Item Created"
"a3Lw00000000XEYEA2","0012000000jqcTW","60","a0l20000006EHA8","Item Created"
"a3Lw00000000XEZEA2","0012000000jqcTW","2.5","a0l200000060ri1","Item Created"
"a3Lw00000000XEaEAM","0012000000jqcTW","5","a0l200000060ri6","Item Created"
"a3Lw00000000XEbEAM","0012000000Uckhg","1500","a0l20000000UDgN","Item Created"
"a3Lw00000000XEcEAM","0012000000Uckhg","18008","a0l20000000UDgS","Item Created"
"a3Lw00000000XEdEAM","0012000000Uckhg","200","a0l20000000UDgX","Item Created"
"a3Lw00000000XEeEAM","0012000000Uckhg","117","a0l20000001FSc1","Item Created"
"a3Lw00000000XEfEAM","0012000000Uckhg","150","a0l20000001FdRw","Item Created"
"a3Lw00000000XEgEAM","0012000000kmzt3","119","a0l20000001G2US","Item Created"
"a3Lw00000000XEhEAM","0012000000kmzt3","9132.8","a0l20000001G2Uh","Item Created"
"a3Lw00000000XEiEAM","0012000000kmzt3","92.75","a0l20000003pSIq","Item Created"
"a3Lw00000000XEjEAM","0012000000kmzt3","28.38","a0l20000003qCTb","Item Created"
"a3Lw00000000XEkEAM","0012000000kmzt3","25.25","a0l20000003qCTg","Item Created"
"a3Lw00000000XElEAM","0012000000kmzt3","21.28","a0l20000003qCTc","Item Created"
"a3Lw00000000XEmEAM","0012000000kmzt3","35.5","a0l20000003qCTd","Item Created"
"a3Lw00000000XEnEAM","0012000000kmzt3","38","a0l20000003qCTl","Item Created"
"a3Lw00000000XEoEAM","0012000000kmzt3","1329","a0l20000005Sa3U","Item Created"
"a3Lw00000000XEpEAM","0012000000kmzt3","970","a0l20000005Sa3e","Item Created"
"a3Lw00000000XEqEAM","0012000000kmzt3","35.4","a0l20000006E2Ex","Item Created"
"a3Lw00000000XErEAM","0012000000kmzt3","45.4","a0l20000006E2F7","Item Created"
"a3Lw00000000XEsEAM","0012000000kmzt3","45.4","a0l20000006E2FC","Item Created"
"a3Lw00000000XEtEAM","0012000000kmzt3","19393","a0l20000006EJRP","Item Created"
"a3Lw00000000XEuEAM","0012000000kmzt3","100","a0l200000060rVg","Item Created"
"a3Lw00000000XEvEAM","0012000000eYRS0","831","a0l20000001Fbzb","Item Created"
"a3Lw00000000XEwEAM","0012000000eYRS0","500","a0l20000001FdE4","Item Created"
"a3Lw00000000XExEAM","0012000000eYRS0","275","a0l20000001FdS6","Item Created"
"a3Lw00000000XEyEAM","0012000000eYRS0","3165","a0l20000001Fh4j","Item Created"
"a3Lw00000000XEzEAM","0012000000kn1hd","608.88","a0l20000001GLDF","Item Created"
"a3Lw00000000XF0EAM","0012000000kn1hd","1953.3","a0l20000001Gv97","Item Created"
"a3Lw00000000XF1EAM","0012000000XVZsj","3700","a0l20000001DcDF","Item Created"
"a3Lw00000000XF2EAM","0012000000or7Zk","8.5","a0l20000003nobj","Item Created"
"a3Lw00000000XF3EAM","0012000000or7Zk","5","a0l20000003nobo","Item Created"
"a3Lw00000000XF4EAM","0012000000or7Zk","9","a0l20000003nobt","Item Created"
"a3Lw00000000XF5EAM","0012000000or7Zk","6.5","a0l20000003noby","Item Created"
"a3Lw00000000XF6EAM","0012000000or7Zk","2.5","a0l20000003noc3","Item Created"
"a3Lw00000000XF7EAM","0012000000or7Zk","6","a0l20000003noc8","Item Created"
"a3Lw00000000XF8EAM","0012000000or7Zk","6.5","a0l20000003nocD","Item Created"
"a3Lw00000000XF9EAM","0012000000or7Zk","6.5","a0l20000003nocI","Item Created"
"a3Lw00000000XFAEA2","0012000000or7Zk","4","a0l20000003nocN","Item Created"
"a3Lw00000000XFBEA2","0012000000or7Zk","6","a0l20000003nocS","Item Created"
"a3Lw00000000XFCEA2","0012000000or7Zk","2.5","a0l20000003nocX","Item Created"
"a3Lw00000000XFDEA2","0012000000or7Zk","2.5","a0l20000003nobz","Item Created"
"a3Lw00000000XFEEA2","0012000000or7Zk","3","a0l20000003nocc","Item Created"
"a3Lw00000000XFFEA2","0012000000or7Zk","3.6","a0l20000003noch","Item Created"
"a3Lw00000000XFGEA2","0012000000or7Zk","3.6","a0l20000003noc4","Item Created"
"a3Lw00000000XFHEA2","0012000000or7Zk","3947","a0l20000005ScJN","Item Created"
"a3Lw00000000XFIEA2","0012000000or7Zk","1378.44","a0l20000006Gjee","Item Created"
"a3Lw00000000XFJEA2","0012000000or7Zk","1378.44","a0l20000006Gjey","Item Created"
"a3Lw00000000XFKEA2","0012000000or7Zk","724","a0l20000006Gjf8","Item Created"
