"ID","ENTITY__C","ACTUAL UPFRONT","ET","STATUS"
"a3Lw00000000XFLEA2","0012000000tMlag","7309","a0l20000006G8hQ","Item Created"
"a3Lw00000000XFMEA2","0012000000tMlag","4294","a0l20000006G8hu","Item Created"
"a3Lw00000000XFNEA2","0012000000tMlag","1.8","a0l200000060sSN","Item Created"
"a3Lw00000000XFOEA2","0012000000tMlag","1.45","a0l200000060sSS","Item Created"
"a3Lw00000000XFPEA2","0012000000tMlag","1.4","a0l200000060sSX","Item Created"
"a3Lw00000000XFQEA2","0012000000tMlag","2.4","a0l200000060sSc","Item Created"
"a3Lw00000000XFREA2","0012000000tMlag","1.45","a0l200000060sSh","Item Created"
"a3Lw00000000XFSEA2","0012000000tMlag","1.8","a0l200000060sSm","Item Created"
"a3Lw00000000XFTEA2","0012000000xGI7b","2090","a0l200000060xZQ","Item Created"
"a3Lw00000000XFUEA2","0012000000pr3np","5000","a0l20000003o4M1","Item Created"
"a3Lw00000000XFVEA2","0012000000pr3np","15","a0l20000003pSMn","Item Created"
"a3Lw00000000XFWEA2","0012000000pr3np","93","a0l20000003pSMs","Item Created"
"a3Lw00000000XFXEA2","0012000000pr3np","5.4","a0l20000003pSMx","Item Created"
"a3Lw00000000XFYEA2","0012000000pr3np","26","a0l20000003pSN2","Item Created"
"a3Lw00000000XFZEA2","0012000000pr3np","100","a0l20000003pSN7","Item Created"
"a3Lw00000000XFaEAM","0012000000pr3np","17.1","a0l20000003pSNC","Item Created"
"a3Lw00000000XFbEAM","0012000000pr3np","7.5","a0l20000003pSNH","Item Created"
"a3Lw00000000XFcEAM","0012000000pr3np","2.5","a0l20000003pSNM","Item Created"
"a3Lw00000000XFdEAM","0012000000pr3np","59","a0l20000003pSNR","Item Created"
"a3Lw00000000XFeEAM","0012000000pr3np","125.5","a0l20000003pSNW","Item Created"
"a3Lw00000000XFfEAM","0012000000pr3np","153","a0l20000003pSNb","Item Created"
"a3Lw00000000XFgEAM","0012000000pr3np","970","a0l20000005Sa1y","Item Created"
"a3Lw00000000XFhEAM","0012000000pr3np","2003","a0l20000005Sa3F","Item Created"
"a3Lw00000000XFiEAM","0012000000zHOKJ","91.5","a0l200000060wZh","Item Created"
"a3Lw00000000XFjEAM","0012000000zHOKJ","91.75","a0l200000060wZm","Item Created"
"a3Lw00000000XFkEAM","0012000000zHOKJ","91.75","a0l200000060wZr","Item Created"
"a3Lw00000000XFlEAM","0012000000kmle9","204.72","a0l20000001Ftgb","Item Created"
"a3Lw00000000XFmEAM","0012000000kmle9","5","a0l20000003pSH5","Item Created"
"a3Lw00000000XFnEAM","0012000000kmle9","3","a0l20000003pSIg","Item Created"
"a3Lw00000000XFoEAM","0012000000kmle9","5","a0l20000003pSIl","Item Created"
"a3Lw00000000XFpEAM","0012000000eY5Xc","100","a0l20000001FMEU","Item Created"
"a3Lw00000000XFqEAM","0012000000eY5Xc","1000","a0l20000001Fqm6","Item Created"
"a3Lw00000000XFrEAM","0012000000t9ano","55","a0l20000005SEEl","Item Created"
"a3Lw00000000XFsEAM","0012000000t9ano","375","a0l20000006FxjS","Item Created"
"a3Lw00000000XFtEAM","0012000000t9ano","250","a0l20000006FxjX","Item Created"
"a3Lw00000000XFuEAM","0012000000t9ano","250","a0l20000006Fxjc","Item Created"
"a3Lw00000000XFvEAM","0012000000t9ano","6.25","a0l20000006Fxjh","Item Created"
"a3Lw00000000XFwEAM","0012000000t9ano","12.5","a0l20000006Fxjm","Item Created"
"a3Lw00000000XFxEAM","0012000000t9ano","15","a0l20000006Fxjr","Item Created"
"a3Lw00000000XFyEAM","0012000000t9ano","9","a0l20000006Fxjw","Item Created"
"a3Lw00000000XFzEAM","0012000000t9ano","9","a0l20000006FxjT","Item Created"
"a3Lw00000000XG0EAM","0012000000t9ano","6073","a0l200000060cWD","Item Created"
"a3Lw00000000XG1EAM","0012000000fpyfV","3500","a0l20000001FMx8","Item Created"
"a3Lw00000000XG2EAM","0012000000fpyfV","250","a0l20000001FMxD","Item Created"
"a3Lw00000000XG3EAM","0012000000fpyfV","3","a0l20000001FlPZ","Item Created"
"a3Lw00000000XG4EAM","0012000000xsdCZ","25","a0l200000060rjn","Item Created"
"a3Lw00000000XG5EAM","0012000000xsdCZ","25","a0l200000060rjs","Item Created"
"a3Lw00000000XG6EAM","0012000000xsdCZ","50","a0l200000060rjx","Item Created"
"a3Lw00000000XG7EAM","0012000000xsdCZ","50","a0l200000060rk2","Item Created"
"a3Lw00000000XG8EAM","0012000000xsdCZ","75","a0l200000060rk7","Item Created"
"a3Lw00000000XG9EAM","0012000000xsdCZ","50","a0l200000060rkC","Item Created"
"a3Lw00000000XGAEA2","0012000000xsdCZ","4.6","a0l200000060rkH","Item Created"
"a3Lw00000000XGBEA2","0012000000xsdCZ","13.25","a0l200000060rkM","Item Created"
"a3Lw00000000XGCEA2","0012000000xsdCZ","4.65","a0l200000060rkR","Item Created"
"a3Lw00000000XGDEA2","0012000000xsdCZ","13.6","a0l200000060rkW","Item Created"
"a3Lw00000000XGEEA2","0012000000xsdCZ","5.75","a0l200000060rkb","Item Created"
"a3Lw00000000XGFEA2","0012000000xsdCZ","75","a0l200000060rkg","Item Created"
"a3Lw00000000XGGEA2","0012000000xsdCZ","15","a0l200000060rkl","Item Created"
"a3Lw00000000XGHEA2","0012000000xsdCZ","100","a0l200000060rkq","Item Created"
"a3Lw00000000XGIEA2","0012000000xsdCZ","75","a0l200000060rkv","Item Created"
"a3Lw00000000XGJEA2","0012000000xsdCZ","9.08","a0l200000060rl0","Item Created"
"a3Lw00000000XGKEA2","0012000000xsdCZ","2.88","a0l200000060rl5","Item Created"
"a3Lw00000000XGLEA2","0012000000xsdCZ","6612","a0l20000006105J","Item Created"
"a3Lw00000000XGMEA2","0012000000eYRh1","125","a0l20000001FdG0","Item Created"
"a3Lw00000000XGNEA2","0012000000eYRh1","150","a0l20000001FdSG","Item Created"
"a3Lw00000000XGOEA2","0012000000Z9Qmv","10000","a0l20000000BFrP","Item Created"
"a3Lw00000000XGPEA2","0012000000Z9Qmv","7500","a0l20000000CBp6","Item Created"
"a3Lw00000000XGQEA2","0012000000Z9Qmv","1300","a0l20000001FGfd","Item Created"
"a3Lw00000000XGREA2","0012000000Z9Qmv","2500","a0l20000001FGfi","Item Created"
"a3Lw00000000XGSEA2","0012000000Z9Qmv","1000","a0l20000001FIxy","Item Created"
"a3Lw00000000XGTEA2","0012000000Z9Qmv","1848","a0l20000001FaBZ","Item Created"
"a3Lw00000000XGUEA2","0012000000Z9Qmv","1500","a0l20000001GaH2","Item Created"
"a3Lw00000000XGVEA2","0012000000Z9Qmv","1708","a0l20000003n65X","Item Created"
"a3Lw00000000XGWEA2","0012000000Z9Qmv","2280","a0l20000003n65c","Item Created"
"a3Lw00000000XGXEA2","0012000000Z9Qmv","200","a0l20000003nocm","Item Created"
"a3Lw00000000XGYEA2","0012000000Z9Qmv","200","a0l20000003nocr","Item Created"
"a3Lw00000000XGZEA2","0012000000qP2uz","100","a0l20000005QM24","Item Created"
"a3Lw00000000XGaEAM","0012000000qP2uz","100","a0l20000005QM2E","Item Created"
"a3Lw00000000XGbEAM","0012000000qP2uz","75","a0l20000005QM2O","Item Created"
"a3Lw00000000XGcEAM","0012000000qP2uz","75","a0l20000005QM3R","Item Created"
"a3Lw00000000XGdEAM","0012000000qP2uz","250","a0l20000005QM3l","Item Created"
"a3Lw00000000XGeEAM","0012000000qP2uz","1500","a0l20000005TJe6","Item Created"
"a3Lw00000000XGfEAM","0012000000qP2uz","75","a0l20000005TJeG","Item Created"
"a3Lw00000000XGgEAM","0012000000qP2uz","100","a0l20000005TJeQ","Item Created"
"a3Lw00000000XGhEAM","0012000000qP2uz","450","a0l20000005TJea","Item Created"
"a3Lw00000000XGiEAM","0012000000qP2uz","75","a0l20000005TJek","Item Created"
"a3Lw00000000XGjEAM","0012000000qP2uz","375","a0l20000005TJeu","Item Created"
"a3Lw00000000XGkEAM","0012000000qP2uz","75","a0l20000005TJfx","Item Created"
"a3Lw00000000XGlEAM","0012000000qP2uz","2500","a0l20000005TJg2","Item Created"
"a3Lw00000000XGmEAM","0012000000qP2uz","200","a0l20000005TJg7","Item Created"
"a3Lw00000000XGnEAM","0012000000qP2uz","100","a0l20000005TJgC","Item Created"
"a3Lw00000000XGoEAM","0012000000qP2uz","100","a0l20000005TJgW","Item Created"
"a3Lw00000000XGpEAM","0012000000qP2uz","243.75","a0l20000005TJb3","Item Created"
"a3Lw00000000XGqEAM","0012000000qP2uz","50","a0l20000005TJhA","Item Created"
"a3Lw00000000XGrEAM","0012000000qP2uz","50","a0l20000005TJhK","Item Created"
"a3Lw00000000XGsEAM","0012000000qP2uz","50","a0l20000005TJhP","Item Created"
"a3Lw00000000XGtEAM","0012000000qP2uz","150","a0l20000005TJhZ","Item Created"
"a3Lw00000000XGuEAM","0012000000qP2uz","125","a0l20000005TJho","Item Created"
"a3Lw00000000XGvEAM","0012000000qP2uz","75","a0l20000005TJhy","Item Created"
"a3Lw00000000XGwEAM","0012000000qP2uz","125","a0l20000005TRTQ","Item Created"
"a3Lw00000000XGxEAM","0012000000qP2uz","62.5","a0l20000005TRTV","Item Created"
"a3Lw00000000XGyEAM","0012000000qP2uz","31.25","a0l20000005TRTa","Item Created"
"a3Lw00000000XGzEAM","0012000000qP2uz","1000","a0l20000006FG5b","Item Created"
"a3Lw00000000XH0EAM","0012000000qP2uz","32.5","a0l20000006FG5q","Item Created"
"a3Lw00000000XH1EAM","0012000000qP2uz","750","a0l20000006FG6A","Item Created"
"a3Lw00000000XH2EAM","0012000000qP2uz","32.5","a0l20000006FG6K","Item Created"
"a3Lw00000000XH3EAM","0012000000qP2uz","72.5","a0l20000006FG6e","Item Created"
"a3Lw00000000XH4EAM","0012000000qP2uz","4.5","a0l200000060rlF","Item Created"
"a3Lw00000000XH5EAM","0012000000jq9rt","550","a0l20000001Fbyx","Item Created"
"a3Lw00000000XH6EAM","0012000000jq9rt","500","a0l20000001Fbz2","Item Created"
"a3Lw00000000XH7EAM","0012000000jq9rt","20","a0l20000001FdNp","Item Created"
"a3Lw00000000XH8EAM","0012000000SENJS","15000","a0l20000000UAD4","Item Created"
"a3Lw00000000XH9EAM","0012000000SENJS","5250","a0l20000000VLrk","Item Created"
"a3Lw00000000XHAEA2","0012000000SENJS","2000","a0l20000000Aknh","Item Created"
"a3Lw00000000XHBEA2","0012000000SENJS","600","a0l20000000C8Ki","Item Created"
"a3Lw00000000XHCEA2","0012000000SENJS","250","a0l20000003qRgV","Item Created"
"a3Lw00000000XHDEA2","0012000000fsbNd","375","a0l20000001FPrf","Item Created"
"a3Lw00000000XHEEA2","0012000000fsbNd","92","a0l20000001Fc7p","Item Created"
"a3Lw00000000XHFEA2","0012000000fsbNd","110","a0l20000001Fh6u","Item Created"
"a3Lw00000000XHGEA2","0012000000fsbNd","25","a0l20000001GLde","Item Created"
"a3Lw00000000XHHEA2","0012000000fsbNd","27","a0l20000001GbJj","Item Created"
"a3Lw00000000XHIEA2","0012000000bGUS3","1474","a0l20000001F3hJ","Item Created"
"a3Lw00000000XHJEA2","0012000000bGUS3","50","a0l20000001F3hO","Item Created"
"a3Lw00000000XHKEA2","0012000000bGUS3","1753","a0l20000001FaBe","Item Created"
"a3Lw00000000XHLEA2","0012000000bGUS3","100","a0l20000001FdG5","Item Created"
"a3Lw00000000XHMEA2","0012000000bGUS3","55","a0l20000001FdGK","Item Created"
"a3Lw00000000XHNEA2","0012000000bGUS3","55","a0l20000001FdSL","Item Created"
"a3Lw00000000XHOEA2","0012000000bGUS3","15","a0l20000001Fn8m","Item Created"
"a3Lw00000000XHPEA2","0012000000bGUS3","1035","a0l20000003n66G","Item Created"
"a3Lw00000000XHQEA2","0012000000bGUS3","50","a0l20000003pYT4","Item Created"
"a3Lw00000000XHREA2","0012000000bGUS3","15","a0l20000003pYT9","Item Created"
"a3Lw00000000XHSEA2","0012000000bGUS3","1.25","a0l20000003ppQt","Item Created"
"a3Lw00000000XHTEA2","0012000000bGUS3","1.5","a0l200000060rlP","Item Created"
"a3Lw00000000XHUEA2","0012000000bGUS3","3","a0l200000060rlU","Item Created"
"a3Lw00000000XHVEA2","0012000000bGUS3","2.5","a0l200000060rlZ","Item Created"
"a3Lw00000000XHWEA2","0012000000bGUS3","2.5","a0l200000060rle","Item Created"
"a3Lw00000000XHXEA2","0012000000bGUS3","2","a0l200000060rlj","Item Created"
"a3Lw00000000XHYEA2","0012000000mgVdI","1638.64","a0l20000001GRLi","Item Created"
"a3Lw00000000XHZEA2","0012000000mgVdI","30","a0l20000003pSLp","Item Created"
"a3Lw00000000XHaEAM","0012000000mgVdI","30","a0l20000003pSLz","Item Created"
"a3Lw00000000XHbEAM","0012000000mgVdI","10","a0l20000003pSM4","Item Created"
"a3Lw00000000XHcEAM","0012000000mgVdI","45","a0l20000003pSM9","Item Created"
"a3Lw00000000XHdEAM","0012000000mgVdI","7.5","a0l20000003pSME","Item Created"
"a3Lw00000000XHeEAM","0012000000mgVdI","6","a0l20000003pSMJ","Item Created"
"a3Lw00000000XHfEAM","0012000000mgVdI","22.5","a0l20000003pSMO","Item Created"
"a3Lw00000000XHgEAM","0012000000mgVdI","10","a0l20000003pSMT","Item Created"
"a3Lw00000000XHhEAM","0012000000mgVdI","10","a0l20000003pSMY","Item Created"
"a3Lw00000000XHiEAM","0012000000mgVdI","35","a0l20000003pSLv","Item Created"
"a3Lw00000000XHjEAM","0012000000mgVdI","10","a0l20000003pSMd","Item Created"
"a3Lw00000000XHkEAM","0012000000mgVdI","10","a0l20000003pSMi","Item Created"
"a3Lw00000000XHlEAM","0012000000rIdhW","11","a0l20000003quKj","Item Created"
"a3Lw00000000XHmEAM","0012000000rIdhW","19.8","a0l20000003quKo","Item Created"
"a3Lw00000000XHnEAM","0012000000rIdhW","19.8","a0l20000003quKt","Item Created"
"a3Lw00000000XHoEAM","0012000000rIdhW","10.5","a0l20000003quFf","Item Created"
"a3Lw00000000XHpEAM","0012000000rIdhW","6","a0l20000005QM1z","Item Created"
"a3Lw00000000XHqEAM","0012000000rIdhW","3877","a0l20000006EHI3","Item Created"
"a3Lw00000000XHrEAM","0012000000u2zdA","4961","a0l200000060cUg","Item Created"
"a3Lw00000000XHsEAM","0012000000u2zdA","958","a0l200000060zSL","Item Created"
"a3Lw00000000XHtEAM","0012000000u2zdA","5636","a0l2000000610ll","Item Created"
"a3Lw00000000XHuEAM","0012000000SENJZ","65000","a0l20000000ApeO","Item Created"
"a3Lw00000000XHvEAM","0012000000fqVCN","100","a0l20000001FPrk","Item Created"
"a3Lw00000000XHwEAM","0012000000fqVCN","1000","a0l20000001FPrp","Item Created"
"a3Lw00000000XHxEAM","0012000000fqVCN","533","a0l20000001FT7T","Item Created"
"a3Lw00000000XHyEAM","0012000000fqVCN","50","a0l20000001FdRX","Item Created"
"a3Lw00000000XHzEAM","0012000000fqVCN","100","a0l20000001Fesi","Item Created"
"a3Lw00000000XI0EAM","0012000000fqVCN","200","a0l20000003qLOe","Item Created"
"a3Lw00000000XI1EAM","0012000000jq0Xo","10000","a0l20000001FqcD","Item Created"
"a3Lw00000000XI2EAM","0012000000jq0Xo","90","a0l20000001GI7f","Item Created"
"a3Lw00000000XI3EAM","0012000000jq0Xo","10","a0l20000001GbLf","Item Created"
