"ID","ENTITY","ACTUAL","ET","STATUS"
"a3Lw00000000XaeEAE","0012000000SfAAv","4000","a0l20000000TtKb","Item Created"
"a3Lw00000000XafEAE","0012000000SfAAv","14000","a0l20000000U34h","Item Created"
"a3Lw00000000XagEAE","0012000000SfAAv","4000","a0l20000000U86Y","Item Created"
"a3Lw00000000XahEAE","0012000000SfAAv","10000","a0l20000000U9LW","Item Created"
"a3Lw00000000XaiEAE","0012000000SfAAv","3000","a0l20000000U9b0","Item Created"
"a3Lw00000000XajEAE","0012000000SfAAv","11000","a0l20000000UDjR","Item Created"
"a3Lw00000000XakEAE","0012000000SfAAv","5000","a0l20000000UL9b","Item Created"
"a3Lw00000000XalEAE","0012000000SfAAv","8000","a0l20000000VEjg","Item Created"
"a3Lw00000000XamEAE","0012000000SfAAv","2500","a0l20000000C4XM","Item Created"
"a3Lw00000000XanEAE","0012000000SfAAv","4000","a0l20000000C4XR","Item Created"
"a3Lw00000000XaoEAE","0012000000SfAAv","1500","a0l20000001E3q3","Item Created"
"a3Lw00000000XapEAE","0012000000SfAAv","4000","a0l20000001Ehyb","Item Created"
"a3Lw00000000XaqEAE","0012000000SfAAv","10000","a0l20000001FUWy","Item Created"
"a3Lw00000000XarEAE","0012000000SfAAv","30000","a0l20000001FWVR","Item Created"
"a3Lw00000000XasEAE","0012000000SfAAv","3750","a0l20000001Fblo","Item Created"
"a3Lw00000000XatEAE","0012000000SfAAv","2500","a0l20000001FdSu","Item Created"
"a3Lw00000000XauEAE","0012000000SfAAv","3750","a0l20000001FrmD","Item Created"
"a3Lw00000000XavEAE","0012000000SfAAv","3750","a0l20000001FtCt","Item Created"
"a3Lw00000000XawEAE","0012000000SfAAv","625","a0l20000001G0cq","Item Created"
"a3Lw00000000XaxEAE","0012000000SfAAv","425","a0l20000001G2Wd","Item Created"
"a3Lw00000000XayEAE","0012000000SfAAv","200","a0l20000001G5OC","Item Created"
"a3Lw00000000XazEAE","0012000000SfAAv","250","a0l20000001GOwN","Item Created"
"a3Lw00000000Xb0EAE","0012000000nZFVk","10","a0l20000002y7hg","Item Created"
"a3Lw00000000Xb1EAE","0012000000nZFVk","10","a0l20000002y7hl","Item Created"
"a3Lw00000000Xb2EAE","0012000000nZFVk","5","a0l20000002y7hq","Item Created"
"a3Lw00000000Xb3EAE","0012000000nZFVk","25","a0l20000003noXX","Item Created"
"a3Lw00000000Xb4EAE","0012000000nZFVk","25","a0l20000003noXc","Item Created"
"a3Lw00000000Xb5EAE","0012000000nZFVk","3","a0l20000003pwwX","Item Created"
"a3Lw00000000Xb6EAE","0012000000nZFVk","10","a0l20000003pwwc","Item Created"
"a3Lw00000000Xb7EAE","0012000000nZFVk","10","a0l20000003pwwh","Item Created"
"a3Lw00000000Xb8EAE","0012000000nZFVk","10","a0l20000003q7iy","Item Created"
"a3Lw00000000Xb9EAE","0012000000nZFVk","10","a0l20000003q7j8","Item Created"
"a3Lw00000000XbAEAU","0012000000nZFVk","31.25","a0l20000003qCPP","Item Created"
"a3Lw00000000XbBEAU","0012000000nZFVk","31.25","a0l20000003qCPB","Item Created"
"a3Lw00000000XbCEAU","0012000000nZFVk","25","a0l20000003qCPZ","Item Created"
"a3Lw00000000XbDEAU","0012000000nZFVk","37.5","a0l20000003qCPe","Item Created"
"a3Lw00000000XbEEAU","0012000000nZFVk","25","a0l20000003qCR1","Item Created"
"a3Lw00000000XbFEAU","0012000000nZFVk","25","a0l20000003qCR6","Item Created"
"a3Lw00000000XbGEAU","0012000000nZFVk","10","a0l20000003qCX4","Item Created"
"a3Lw00000000XbHEAU","0012000000nZFVk","10","a0l20000003qCX9","Item Created"
"a3Lw00000000XbIEAU","0012000000nZFVk","5","a0l20000003qCXE","Item Created"
"a3Lw00000000XbJEAU","0012000000nZFVk","25","a0l20000003qg5G","Item Created"
"a3Lw00000000XbKEAU","0012000000nZFVk","25","a0l20000003qg5L","Item Created"
"a3Lw00000000XbLEAU","0012000000nZFVk","25","a0l20000005R2r9","Item Created"
"a3Lw00000000XbMEAU","0012000000nZFVk","3","a0l20000006EH87","Item Created"
"a3Lw00000000XbNEAU","0012000000nZFVk","30","a0l20000006EH8H","Item Created"
"a3Lw00000000XbOEAU","0012000000nZFVk","8.75","a0l20000006EH8R","Item Created"
"a3Lw00000000XbPEAU","0012000000nZFVk","30","a0l20000006EH8D","Item Created"
"a3Lw00000000XbQEAU","0012000000vShec","14","a0l200000060hr6","Item Created"
"a3Lw00000000XbREAU","0012000000vShec","36","a0l200000060hrG","Item Created"
"a3Lw00000000XbSEAU","0012000000vShec","59","a0l200000060hrL","Item Created"
"a3Lw00000000XbTEAU","0012000000vShec","14","a0l200000060hra","Item Created"
"a3Lw00000000XbUEAU","0012000000vShec","16","a0l200000060hrf","Item Created"
"a3Lw00000000XbVEAU","0012000000vShec","50","a0l200000060hrk","Item Created"
"a3Lw00000000XbWEAU","0012000000vShec","137","a0l200000060hrp","Item Created"
"a3Lw00000000XbXEAU","0012000000vShec","91","a0l200000060hrz","Item Created"
"a3Lw00000000XbYEAU","0012000000vShec","32","a0l200000060hs4","Item Created"
"a3Lw00000000XbZEAU","0012000000vShec","6","a0l200000060hs9","Item Created"
"a3Lw00000000XbaEAE","0012000000vShec","2.38","a0l200000060rY6","Item Created"
"a3Lw00000000XbbEAE","0012000000vShec","1.55","a0l200000060rYB","Item Created"
"a3Lw00000000XbcEAE","0012000000vShec","13.65","a0l200000060rYL","Item Created"
"a3Lw00000000XbdEAE","0012000000vShec","1.4","a0l200000060rX9","Item Created"
"a3Lw00000000XbeEAE","0012000000vShec","3.15","a0l200000060rYV","Item Created"
"a3Lw00000000XbfEAE","0012000000vShec","5.9","a0l200000060rYa","Item Created"
"a3Lw00000000XbgEAE","0012000000vShec","9.95","a0l200000060rYf","Item Created"
"a3Lw00000000XbhEAE","0012000000vShec","9.1","a0l200000060rYk","Item Created"
"a3Lw00000000XbiEAE","0012000000vShec","3.4","a0l200000060rZE","Item Created"
"a3Lw00000000XbjEAE","0012000000vShec","2.38","a0l200000060rZJ","Item Created"
"a3Lw00000000XbkEAE","0012000000vShec","22.65","a0l200000060rZd","Item Created"
"a3Lw00000000XblEAE","0012000000vShec","45.2","a0l200000060rZi","Item Created"
"a3Lw00000000XbmEAE","0012000000vShec","76","a0l200000060rZn","Item Created"
"a3Lw00000000XbnEAE","0012000000vShec","76.03","a0l200000060rZx","Item Created"
"a3Lw00000000XboEAE","0012000000vShec","152.05","a0l200000060ra2","Item Created"
"a3Lw00000000XbpEAE","0012000000vShec","152.05","a0l200000060ra7","Item Created"
"a3Lw00000000XbqEAE","0012000000vShec","228.08","a0l200000060raH","Item Created"
"a3Lw00000000XbrEAE","0012000000vShec","50","a0l200000060wYj","Item Created"
"a3Lw00000000XbsEAE","0012000000mg1Et","25","a0l20000001Gl86","Item Created"
"a3Lw00000000XbtEAE","0012000000mg1Et","75","a0l20000001Gl8B","Item Created"
"a3Lw00000000XbuEAE","0012000000mg1Et","230","a0l20000003nmRI","Item Created"
"a3Lw00000000XbvEAE","0012000000mg1Et","47.5","a0l20000003nobU","Item Created"
"a3Lw00000000XbwEAE","0012000000mg1Et","25","a0l20000003pYSf","Item Created"
"a3Lw00000000XbxEAE","0012000000mg1Et","25","a0l20000003ppNZ","Item Created"
"a3Lw00000000XbyEAE","0012000000mg1Et","62.5","a0l20000005QLzt","Item Created"
"a3Lw00000000XbzEAE","0012000000mg1Et","1.25","a0l20000005TRT1","Item Created"
"a3Lw00000000Xc0EAE","0012000000mg1Et","68.75","a0l20000006E2EY","Item Created"
"a3Lw00000000Xc1EAE","0012000000mg1Et","7.5","a0l20000006E2Ar","Item Created"
"a3Lw00000000Xc2EAE","0012000000mg1Et","10.5","a0l20000006E2Ei","Item Created"
"a3Lw00000000Xc3EAE","0012000000mg1Et","27","a0l20000006E2En","Item Created"
"a3Lw00000000Xc4EAE","0012000000mg1Et","35","a0l20000006EJTW","Item Created"
"a3Lw00000000Xc5EAE","0012000000mg1Et","32.5","a0l20000006EJUd","Item Created"
"a3Lw00000000Xc6EAE","0012000000mg1Et","12.5","a0l20000006EJUn","Item Created"
"a3Lw00000000Xc7EAE","0012000000mg1Et","55.25","a0l200000060rgA","Item Created"
"a3Lw00000000Xc8EAE","0012000000YWku8","937.75","a0l20000001GaGx","Item Created"
"a3Lw00000000Xc9EAE","0012000000YWku8","316.42","a0l20000001Gv8d","Item Created"
"a3Lw00000000XcAEAU","0012000000YWku8","15","a0l20000003qRg6","Item Created"
"a3Lw00000000XcBEAU","0012000000YWku8","10","a0l20000003qRgB","Item Created"
"a3Lw00000000XcCEAU","0012000000YWku8","15","a0l20000003qRgG","Item Created"
"a3Lw00000000XcDEAU","0012000000YWku8","25","a0l20000003qRgQ","Item Created"
"a3Lw00000000XcEEAU","0012000000YWku8","6","a0l20000003qg5u","Item Created"
"a3Lw00000000XcFEAU","0012000000YWku8","10.5","a0l20000003qg5z","Item Created"
"a3Lw00000000XcGEAU","0012000000YWku8","87.5","a0l20000003qg64","Item Created"
"a3Lw00000000XcHEAU","0012000000YWku8","7.5","a0l20000003qg69","Item Created"
"a3Lw00000000XcIEAU","0012000000tAIKD","1.88","a0l20000005TdPA","Item Created"
"a3Lw00000000XcJEAU","0012000000tAIKD","37.5","a0l20000005TdPU","Item Created"
"a3Lw00000000XcKEAU","0012000000tAIKD","7.5","a0l20000006EJWt","Item Created"
"a3Lw00000000XcLEAU","0012000000tAIKD","8.75","a0l20000006EJWy","Item Created"
"a3Lw00000000XcMEAU","0012000000tAIKD","8.7","a0l20000006EJWQ","Item Created"
"a3Lw00000000XcNEAU","0012000000tAIKD","9.9","a0l20000006EJTb","Item Created"
"a3Lw00000000XcOEAU","0012000000tAIKD","40","a0l20000006EJXD","Item Created"
"a3Lw00000000XcPEAU","0012000000tAIKD","29","a0l20000006EJXN","Item Created"
"a3Lw00000000XcQEAU","0012000000tAIKD","20","a0l20000006EJWa","Item Created"
"a3Lw00000000XcREAU","0012000000tAIKD","12","a0l20000006EJW2","Item Created"
"a3Lw00000000XcSEAU","0012000000tAIKD","3.3","a0l20000006EJXX","Item Created"
"a3Lw00000000XcTEAU","0012000000tAIKD","11","a0l20000006EJXc","Item Created"
"a3Lw00000000XcUEAU","0012000000tAIKD","26.1","a0l20000006EJXh","Item Created"
"a3Lw00000000XcVEAU","0012000000tAIKD","43.5","a0l20000006Fxk1","Item Created"
"a3Lw00000000XcWEAU","0012000000tAIKD","16.5","a0l20000006Fxk6","Item Created"
"a3Lw00000000XcXEAU","0012000000tAIKD","40","a0l20000006FxkB","Item Created"
"a3Lw00000000XcYEAU","0012000000tAIKD","11","a0l20000006FxkG","Item Created"
"a3Lw00000000XcZEAU","0012000000tAIKD","29","a0l20000006Fxj9","Item Created"
"a3Lw00000000XcaEAE","0012000000tAIKD","1","a0l20000006FxkL","Item Created"
"a3Lw00000000XcbEAE","0012000000tAIKD","0.28","a0l20000006FxkQ","Item Created"
"a3Lw00000000XccEAE","0012000000tAIKD","0.73","a0l20000006FxkV","Item Created"
"a3Lw00000000XcdEAE","0012000000tAIKD","3458","a0l20000006G8tq","Item Created"
"a3Lw00000000XceEAE","0012000000tAIKD","819.07","a0l20000003aUpJ","Item Created"
"a3Lw00000000XcfEAE","0012000000tAIKD","0.83","a0l200000060sF1","Item Created"
"a3Lw00000000XcgEAE","0012000000tAIKD","3458","a0l2000000610nb","Item Created"
