"ID","ENTITY ID","ACTUAL","ET","STATUS"
"a3Lw00000000XYiEAM","0012000000knTgm","15","a0l20000003px0Z","Item Created"
"a3Lw00000000XYjEAM","0012000000knTgm","22.5","a0l20000003px0e","Item Created"
"a3Lw00000000XYkEAM","0012000000knTgm","15","a0l20000003px0j","Item Created"
"a3Lw00000000XYlEAM","0012000000knTgm","7.5","a0l20000003qCUj","Item Created"
"a3Lw00000000XYmEAM","0012000000knTgm","3057","a0l20000005SI7g","Item Created"
"a3Lw00000000XYnEAM","0012000000knTgm","355","a0l20000005SI7l","Item Created"
"a3Lw00000000XYoEAM","0012000000knTgm","15","a0l20000006EPSX","Item Created"
"a3Lw00000000XYpEAM","0012000000knTgm","9","a0l20000006EPSc","Item Created"
"a3Lw00000000XYqEAM","0012000000fsgDP","15","a0l20000001FdN1","Item Created"
"a3Lw00000000XYrEAM","0012000000fsgDP","636.24","a0l20000001FsJs","Item Created"
"a3Lw00000000XYsEAM","0012000000ZAnQJ","5000","a0l20000001DeFD","Item Created"
"a3Lw00000000XYtEAM","0012000000ZAnQJ","50","a0l20000001FHnj","Item Created"
"a3Lw00000000XYuEAM","0012000000UqOMz","1500","a0l20000000U61Y","Item Created"
"a3Lw00000000XYvEAM","0012000000UqOMz","250","a0l20000000U61d","Item Created"
"a3Lw00000000XYwEAM","0012000000UqOMz","50","a0l20000000AuMw","Item Created"
"a3Lw00000000XYxEAM","0012000000UqOMz","50","a0l20000006E2IL","Item Created"
"a3Lw00000000XYyEAM","0012000000UqOMz","87.5","a0l20000006E2IQ","Item Created"
"a3Lw00000000XYzEAM","0012000000UqOMz","50","a0l20000006E2IV","Item Created"
"a3Lw00000000XZ0EAM","0012000000UqOMz","1354","a0l200000060zRc","Item Created"
"a3Lw00000000XZ1EAM","0012000000bFdaB","1150","a0l20000001FdVt","Item Created"
"a3Lw00000000XZ2EAM","0012000000bFdaB","40","a0l20000001FdW3","Item Created"
"a3Lw00000000XZ3EAM","0012000000rJqDl","315","a0l20000005Sc1O","Item Created"
"a3Lw00000000XZ4EAM","0012000000rJqDl","600","a0l20000005Sc1T","Item Created"
"a3Lw00000000XZ5EAM","0012000000j9g2Q","3243.61","a0l20000001Gj7i","Item Created"
"a3Lw00000000XZ6EAM","0012000000fqUd8","7","a0l200000060jQ4","Item Created"
"a3Lw00000000XZ7EAM","0012000000fqUd8","175","a0l200000060jQ9","Item Created"
"a3Lw00000000XZ8EAM","0012000000Se169","50","a0l20000000TwBI","Item Created"
"a3Lw00000000XZ9EAM","0012000000Se169","70","a0l20000000B1zx","Item Created"
"a3Lw00000000XZAEA2","0012000000Se169","5016","a0l20000000B202","Item Created"
"a3Lw00000000XZBEA2","0012000000Se169","34","a0l20000001FdNV","Item Created"
"a3Lw00000000XZCEA2","0012000000Se169","12.5","a0l20000001Fzcp","Item Created"
"a3Lw00000000XZDEA2","0012000000tDBLy","95","a0l20000005RKgB","Item Created"
"a3Lw00000000XZEEA2","0012000000tDBLy","2926","a0l200000060cVU","Item Created"
"a3Lw00000000XZFEA2","0012000000tDBLy","5","a0l200000060sWl","Item Created"
"a3Lw00000000XZGEA2","0012000000tDBLy","2.5","a0l200000060sX5","Item Created"
"a3Lw00000000XZHEA2","0012000000tDBLy","2.5","a0l200000060sXA","Item Created"
"a3Lw00000000XZIEA2","0012000000tDBLy","5","a0l200000060sXF","Item Created"
"a3Lw00000000XZJEA2","0012000000tDBLy","2.5","a0l200000060sW8","Item Created"
"a3Lw00000000XZKEA2","0012000000tDBLy","0.4","a0l200000060sXQ","Item Created"
"a3Lw00000000XZLEA2","0012000000tDBLy","0.5","a0l200000060sXV","Item Created"
"a3Lw00000000XZMEA2","0012000000tDBLy","3.75","a0l200000060sXB","Item Created"
"a3Lw00000000XZNEA2","0012000000tDBLy","0.8","a0l200000060sXf","Item Created"
"a3Lw00000000XZOEA2","0012000000tDBLy","0.3","a0l200000060sXk","Item Created"
"a3Lw00000000XZPEA2","0012000000tDBLy","0.5","a0l200000060ubN","Item Created"
"a3Lw00000000XZQEA2","0012000000tDBLy","3324","a0l200000060zdS","Item Created"
"a3Lw00000000XZREA2","0012000000u5Ia3","0.3","a0l200000060ubm","Item Created"
"a3Lw00000000XZSEA2","0012000000u5Ia3","0.85","a0l200000060ubr","Item Created"
"a3Lw00000000XZTEA2","0012000000u5Ia3","0.85","a0l200000060ubw","Item Created"
"a3Lw00000000XZUEA2","0012000000u5Ia3","0.7","a0l200000060uc6","Item Created"
"a3Lw00000000XZVEA2","0012000000u5Ia3","1.25","a0l200000060ucB","Item Created"
"a3Lw00000000XZWEA2","0012000000Z8Knp","9000","a0l20000000ApgF","Item Created"
"a3Lw00000000XZXEA2","0012000000Z8Knp","250","a0l20000000ApgZ","Item Created"
"a3Lw00000000XZYEA2","0012000000iocel","2600","a0l20000001FWiA","Item Created"
"a3Lw00000000XZZEA2","0012000000iocel","145","a0l20000001Gl7D","Item Created"
"a3Lw00000000XZaEAM","0012000000iocel","6500","a0l20000003pSGM","Item Created"
"a3Lw00000000XZbEAM","0012000000iocel","216","a0l20000005TPPy","Item Created"
"a3Lw00000000XZcEAM","0012000000iocel","216","a0l20000005TPQ3","Item Created"
"a3Lw00000000XZdEAM","0012000000iocel","81.25","a0l20000006FLi4","Item Created"
"a3Lw00000000XZeEAM","0012000000iocel","81.25","a0l20000006FLiY","Item Created"
"a3Lw00000000XZfEAM","0012000000iocel","75","a0l200000060jYD","Item Created"
"a3Lw00000000XZgEAM","0012000000iocel","88","a0l200000060jYI","Item Created"
"a3Lw00000000XZhEAM","0012000000iocel","88","a0l200000060jYN","Item Created"
"a3Lw00000000XZiEAM","0012000000oDWVl","41.5","a0l20000003nx1o","Item Created"
"a3Lw00000000XZjEAM","0012000000oDWVl","33","a0l20000003nx3U","Item Created"
"a3Lw00000000XZkEAM","0012000000oDWVl","24.5","a0l20000003nx3Z","Item Created"
"a3Lw00000000XZlEAM","0012000000oDWVl","41.5","a0l20000003nx3e","Item Created"
"a3Lw00000000XZmEAM","0012000000oDWVl","24.5","a0l20000003nx3j","Item Created"
"a3Lw00000000XZnEAM","0012000000oDWVl","2261","a0l20000003ozRe","Item Created"
"a3Lw00000000XZoEAM","0012000000oDWVl","365","a0l20000003qRhd","Item Created"
"a3Lw00000000XZpEAM","0012000000oDWVl","36.5","a0l20000003qRg2","Item Created"
"a3Lw00000000XZqEAM","0012000000oDWVl","36.5","a0l20000003qRhi","Item Created"
"a3Lw00000000XZrEAM","0012000000oDWVl","54.8","a0l20000005RKfh","Item Created"
"a3Lw00000000XZsEAM","0012000000oDWVl","548","a0l20000005RKfO","Item Created"
"a3Lw00000000XZtEAM","0012000000oDWVl","54.8","a0l20000005RKfm","Item Created"
"a3Lw00000000XZuEAM","0012000000iC7bm","20000","a0l20000001FWtC","Item Created"
"a3Lw00000000XZvEAM","0012000000iC7bm","60","a0l20000001FWtH","Item Created"
"a3Lw00000000XZwEAM","0012000000haNWh","626.28","a0l20000001FSIz","Item Created"
"a3Lw00000000XZxEAM","0012000000haNWh","450","a0l20000001FSJ4","Item Created"
"a3Lw00000000XZyEAM","0012000000haNWh","250","a0l20000001FSJE","Item Created"
"a3Lw00000000XZzEAM","0012000000haNWh","1650","a0l20000001FWhm","Item Created"
"a3Lw00000000Xa0EAE","0012000000haNWh","468","a0l20000001Fc89","Item Created"
"a3Lw00000000Xa1EAE","0012000000haNWh","2688","a0l20000001G1yK","Item Created"
"a3Lw00000000Xa2EAE","0012000000haNWh","12.5","a0l20000003nx3o","Item Created"
"a3Lw00000000Xa3EAE","0012000000haNWh","12.5","a0l20000003nx3t","Item Created"
"a3Lw00000000Xa4EAE","0012000000haNWh","12.5","a0l20000003nx3y","Item Created"
"a3Lw00000000Xa5EAE","0012000000haNWh","12.5","a0l20000003nx43","Item Created"
"a3Lw00000000Xa6EAE","0012000000haNWh","12.5","a0l20000003nwyW","Item Created"
"a3Lw00000000Xa7EAE","0012000000cV8Pv","1200","a0l20000001FGfY","Item Created"
"a3Lw00000000Xa8EAE","0012000000wCmzO","0.75","a0l200000060ucL","Item Created"
"a3Lw00000000Xa9EAE","0012000000wCmzO","2","a0l200000060ucQ","Item Created"
"a3Lw00000000XaAEAU","0012000000wCmzO","3","a0l200000060uca","Item Created"
"a3Lw00000000XaBEAU","0012000000wCmzO","2","a0l200000060uck","Item Created"
"a3Lw00000000XaCEAU","0012000000wCmzO","1.5","a0l200000060ucp","Item Created"
"a3Lw00000000XaDEAU","0012000000iWCVF","309.76","a0l20000001G0Jz","Item Created"
"a3Lw00000000XaEEAU","0012000000iWCVF","230","a0l20000003nLGL","Item Created"
"a3Lw00000000XaFEAU","0012000000eZvZh","12.5","a0l20000003pwyE","Item Created"
"a3Lw00000000XaGEAU","0012000000eZvZh","10","a0l20000003pwyJ","Item Created"
"a3Lw00000000XaHEAU","0012000000eZvZh","10","a0l20000003pwyO","Item Created"
"a3Lw00000000XaIEAU","0012000000eZvZh","3","a0l20000003pwyT","Item Created"
"a3Lw00000000XaJEAU","0012000000eZvZh","10","a0l20000003pwyY","Item Created"
"a3Lw00000000XaKEAU","0012000000sVfHa","67","a0l200000060jYX","Item Created"
"a3Lw00000000XaLEAU","0012000000sVfHa","17","a0l200000060jYc","Item Created"
"a3Lw00000000XaMEAU","0012000000sVfHa","33","a0l200000060jYm","Item Created"
"a3Lw00000000XaNEAU","0012000000sVfHa","50","a0l200000060ue7","Item Created"
"a3Lw00000000XaOEAU","0012000000sVfHa","2.5","a0l200000060ueH","Item Created"
"a3Lw00000000XaPEAU","0012000000sVfHa","1.65","a0l200000060ueM","Item Created"
"a3Lw00000000XaQEAU","0012000000sVfHa","50","a0l200000060ueR","Item Created"
"a3Lw00000000XaREAU","0012000000ioPPh","150","a0l20000001G8G2","Item Created"
"a3Lw00000000XaSEAU","0012000000haNdi","17.5","a0l200000060ukF","Item Created"
"a3Lw00000000XaTEAU","0012000000haNdi","2254","a0l20000006107I","Item Created"
