"ID","ENTITY","ACTUAL UPFORNT","ET","STATUS"
"a3Lw00000000XLIEA2","0012000000tQ4JO","41.75","a0l20000006Fxm2","Item Created"
"a3Lw00000000XLJEA2","0012000000tQ4JO","12","a0l20000006Fxm7","Item Created"
"a3Lw00000000XLKEA2","0012000000tQ4JO","8","a0l20000006FxmC","Item Created"
"a3Lw00000000XLLEA2","0012000000tQ4JO","41.5","a0l20000006FxmH","Item Created"
"a3Lw00000000XLMEA2","0012000000tQ4JO","8","a0l20000006FxkW","Item Created"
"a3Lw00000000XLNEA2","0012000000tQ4JO","8","a0l20000006FxmM","Item Created"
"a3Lw00000000XLOEA2","0012000000tQ4JO","21.5","a0l20000006FxmR","Item Created"
"a3Lw00000000XLPEA2","0012000000tQ4JO","637","a0l20000006G8Wi","Item Created"
"a3Lw00000000XLQEA2","0012000000tQ4JO","13","a0l20000003aUqz","Item Created"
"a3Lw00000000XLREA2","0012000000tQ4JO","11.4","a0l20000003aUr4","Item Created"
"a3Lw00000000XLSEA2","0012000000tQ4JO","4","a0l20000003aUr9","Item Created"
"a3Lw00000000XLTEA2","0012000000tQ4JO","11.7","a0l20000003aUrE","Item Created"
"a3Lw00000000XLUEA2","0012000000tQ4JO","26","a0l20000003aUrJ","Item Created"
"a3Lw00000000XLVEA2","0012000000tQ4JO","5.1","a0l20000003aUrO","Item Created"
"a3Lw00000000XLWEA2","0012000000tQ4JO","14164","a0l20000006105T","Item Created"
"a3Lw00000000XLXEA2","0012000000u31qq","2760","a0l20000006G8uG","Item Created"
"a3Lw00000000XLYEA2","0012000000u31qq","1001","a0l200000060cUW","Item Created"
"a3Lw00000000XLZEA2","0012000000u31qq","24","a0l200000060jZG","Item Created"
"a3Lw00000000XLaEAM","0012000000u31qq","14","a0l200000060jZC","Item Created"
"a3Lw00000000XLbEAM","0012000000u31qq","22","a0l200000060jZL","Item Created"
"a3Lw00000000XLcEAM","0012000000u31qq","2","a0l200000060jZQ","Item Created"
"a3Lw00000000XLdEAM","0012000000u31qq","8","a0l200000060jZV","Item Created"
"a3Lw00000000XLeEAM","0012000000u31qq","5.3","a0l200000060ujv","Item Created"
"a3Lw00000000XLfEAM","0012000000u31qq","2.65","a0l200000060uk0","Item Created"
"a3Lw00000000XLgEAM","0012000000u31qq","2760","a0l2000000610nq","Item Created"
"a3Lw00000000XLhEAM","0012000000klRV5","1920","a0l20000001Fon7","Item Created"
"a3Lw00000000XLiEAM","0012000000klRV5","25","a0l20000001GAUC","Item Created"
"a3Lw00000000XLjEAM","0012000000klRV5","797.4","a0l20000001GBhD","Item Created"
"a3Lw00000000XLkEAM","0012000000klRV5","7.5","a0l20000003pUFt","Item Created"
"a3Lw00000000XLlEAM","0012000000klRV5","4.5","a0l20000003pUBs","Item Created"
"a3Lw00000000XLmEAM","0012000000klRV5","15","a0l20000003pUFy","Item Created"
"a3Lw00000000XLnEAM","0012000000klRV5","12.5","a0l20000003pUG3","Item Created"
"a3Lw00000000XLoEAM","0012000000klRV5","10","a0l20000003pUG8","Item Created"
"a3Lw00000000XLpEAM","0012000000klRV5","10","a0l20000003qVeW","Item Created"
"a3Lw00000000XLqEAM","0012000000klRV5","10","a0l20000003qVeb","Item Created"
"a3Lw00000000XLrEAM","0012000000klRV5","3","a0l20000003qVeg","Item Created"
"a3Lw00000000XLsEAM","0012000000klRV5","20","a0l20000006EPVl","Item Created"
"a3Lw00000000XLtEAM","0012000000klRV5","20","a0l20000006EPVq","Item Created"
"a3Lw00000000XLuEAM","0012000000klRV5","10","a0l20000006EPW0","Item Created"
"a3Lw00000000XLvEAM","0012000000klRV5","6","a0l20000006EPWK","Item Created"
"a3Lw00000000XLwEAM","0012000000klRV5","6","a0l20000006EPWU","Item Created"
"a3Lw00000000XLxEAM","0012000000klRV5","6","a0l200000060ujH","Item Created"
"a3Lw00000000XLyEAM","0012000000klRV5","12","a0l200000060ujM","Item Created"
"a3Lw00000000XLzEAM","0012000000klRV5","12","a0l200000060ujR","Item Created"
"a3Lw00000000XM0EAM","0012000000ulfty","3.7","a0l200000060uiE","Item Created"
"a3Lw00000000XM1EAM","0012000000ulfty","0.5","a0l200000060uiJ","Item Created"
"a3Lw00000000XM2EAM","0012000000ulfty","3.45","a0l200000060uiO","Item Created"
"a3Lw00000000XM3EAM","0012000000ulfty","0.5","a0l200000060uiT","Item Created"
"a3Lw00000000XM4EAM","0012000000ulfty","3.5","a0l200000060uid","Item Created"
"a3Lw00000000XM5EAM","0012000000ulfty","1.65","a0l200000060uiK","Item Created"
"a3Lw00000000XM6EAM","0012000000ulfty","0.3","a0l200000060uin","Item Created"
"a3Lw00000000XM7EAM","0012000000ulfty","1","a0l200000060uis","Item Created"
"a3Lw00000000XM8EAM","0012000000ulfty","0.5","a0l200000060uix","Item Created"
"a3Lw00000000XM9EAM","0012000000ulfty","1.75","a0l200000060uj2","Item Created"
"a3Lw00000000XMAEA2","0012000000ulfty","0.5","a0l200000060uj7","Item Created"
"a3Lw00000000XMBEA2","0012000000ulfty","1000","a0l200000060yxL","Item Created"
"a3Lw00000000XMCEA2","0012000000ulfty","6725","a0l20000006104a","Item Created"
"a3Lw00000000XMDEA2","0012000000rJEOH","20","a0l20000003px13","Item Created"
"a3Lw00000000XMEEA2","0012000000rJEOH","19.5","a0l20000003px18","Item Created"
"a3Lw00000000XMFEA2","0012000000rJEOH","5","a0l20000003px1D","Item Created"
"a3Lw00000000XMGEA2","0012000000rJEOH","606","a0l20000005SZuX","Item Created"
"a3Lw00000000XMHEA2","0012000000rJEOH","600","a0l20000005Sa14","Item Created"
"a3Lw00000000XMIEA2","0012000000rJEOH","4149","a0l20000006G8WO","Item Created"
"a3Lw00000000XMJEA2","0012000000rJEOH","7.5","a0l200000060uhk","Item Created"
"a3Lw00000000XMKEA2","0012000000opYDa","2216","a0l20000005SI77","Item Created"
"a3Lw00000000XMLEA2","0012000000opYDa","2100","a0l20000005SI7C","Item Created"
"a3Lw00000000XMMEA2","0012000000opYDa","355","a0l20000005SI7M","Item Created"
"a3Lw00000000XMNEA2","0012000000opYDa","3698","a0l20000005ScXe","Item Created"
"a3Lw00000000XMOEA2","0012000000opYDa","25","a0l20000006EPUd","Item Created"
"a3Lw00000000XMPEA2","0012000000opYDa","25","a0l20000006EPUi","Item Created"
"a3Lw00000000XMQEA2","0012000000opYDa","25","a0l20000006EPUn","Item Created"
"a3Lw00000000XMREA2","0012000000opYDa","25","a0l20000006EPUs","Item Created"
"a3Lw00000000XMSEA2","0012000000opYDa","25","a0l20000006EPUx","Item Created"
"a3Lw00000000XMTEA2","0012000000opYDa","7.5","a0l20000006EPV7","Item Created"
"a3Lw00000000XMUEA2","0012000000opYDa","7.5","a0l20000006EPVC","Item Created"
"a3Lw00000000XMVEA2","0012000000opYDa","25","a0l20000006EPVH","Item Created"
"a3Lw00000000XMWEA2","0012000000opYDa","12.5","a0l20000006EPVR","Item Created"
"a3Lw00000000XMXEA2","0012000000opYDa","22.5","a0l20000006EPVb","Item Created"
"a3Lw00000000XMYEA2","0012000000opYDa","3698","a0l20000006G8lw","Item Created"
"a3Lw00000000XMZEA2","0012000000opYDa","2.5","a0l200000060ufo","Item Created"
"a3Lw00000000XMaEAM","0012000000opYDa","3.75","a0l200000060uft","Item Created"
"a3Lw00000000XMbEAM","0012000000opYDa","2.5","a0l200000060ufy","Item Created"
"a3Lw00000000XMcEAM","0012000000opYDa","2.5","a0l200000060ugD","Item Created"
"a3Lw00000000XMdEAM","0012000000opYDa","5","a0l200000060ugN","Item Created"
"a3Lw00000000XMeEAM","0012000000opYDa","5","a0l200000060ugS","Item Created"
"a3Lw00000000XMfEAM","0012000000rHM5e","3","a0l20000005TRzg","Item Created"
"a3Lw00000000XMgEAM","0012000000rHM5e","7.5","a0l20000005TRzl","Item Created"
"a3Lw00000000XMhEAM","0012000000rHM5e","7.5","a0l20000005TRzv","Item Created"
"a3Lw00000000XI4EAM","0012000000rHM5e","0.75","a0l200000060ugw","Item Created"
"a3Lw00000000XI5EAM","0012000000rHM5e","1.15","a0l200000060uh1","Item Created"
"a3Lw00000000XI6EAM","0012000000fqUpq","135","a0l20000001FdN6","Item Created"
"a3Lw00000000XI7EAM","0012000000merZV","6551.7","a0l20000001GvAK","Item Created"
"a3Lw00000000XI8EAM","0012000000merZV","256","a0l20000003n0N8","Item Created"
"a3Lw00000000XI9EAM","0012000000merZV","1459.8","a0l20000003n0ND","Item Created"
"a3Lw00000000XIAEA2","0012000000merZV","169","a0l20000003n0NS","Item Created"
"a3Lw00000000XIBEA2","0012000000merZV","490","a0l20000003n0NX","Item Created"
"a3Lw00000000XICEA2","0012000000merZV","211.5","a0l20000003n0Nc","Item Created"
"a3Lw00000000XIDEA2","0012000000merZV","211.5","a0l20000003n0Nh","Item Created"
"a3Lw00000000XIEEA2","0012000000merZV","84.5","a0l20000003n0Nm","Item Created"
"a3Lw00000000XIFEA2","0012000000merZV","980","a0l20000003n0Nr","Item Created"
"a3Lw00000000XIGEA2","0012000000merZV","116.38","a0l20000003n0Nw","Item Created"
"a3Lw00000000XIHEA2","0012000000merZV","21.3","a0l20000003n0O6","Item Created"
"a3Lw00000000XIIEA2","0012000000merZV","16","a0l20000003n0OB","Item Created"
"a3Lw00000000XIJEA2","0012000000merZV","8","a0l20000003n0OG","Item Created"
"a3Lw00000000XIKEA2","0012000000merZV","16","a0l20000003n0OL","Item Created"
"a3Lw00000000XILEA2","0012000000vSo7F","4372","a0l20000006104f","Item Created"
"a3Lw00000000XIMEA2","0012000000WeGUT","800","a0l20000000Avyp","Item Created"
"a3Lw00000000XINEA2","0012000000SENJ9","30","a0l20000000TqIh","Item Created"
"a3Lw00000000XIOEA2","0012000000SENJ9","5500","a0l20000000TqIm","Item Created"
"a3Lw00000000XIPEA2","0012000000UNaaH","10000","a0l20000000U2uO","Item Created"
"a3Lw00000000XIQEA2","0012000000UNaaH","10000","a0l20000000U2uT","Item Created"
"a3Lw00000000XIREA2","0012000000UNaaH","47065","a0l20000000U776","Item Created"
"a3Lw00000000XISEA2","0012000000UNaaH","70","a0l20000000UDqW","Item Created"
"a3Lw00000000XITEA2","0012000000UNaaH","2925","a0l20000000VI35","Item Created"
"a3Lw00000000XIUEA2","0012000000UNaaH","1000","a0l20000000C0KL","Item Created"
"a3Lw00000000XIVEA2","0012000000UNaaH","1680","a0l20000000C0Ml","Item Created"
"a3Lw00000000XIWEA2","0012000000UNaaH","22060","a0l20000001ElSu","Item Created"
"a3Lw00000000XIXEA2","0012000000UNaaH","670","a0l20000001Erak","Item Created"
"a3Lw00000000XIYEA2","0012000000UNaaH","670","a0l20000001Erb4","Item Created"
"a3Lw00000000XIZEA2","0012000000UNaaH","260","a0l20000001Ered","Item Created"
"a3Lw00000000XIaEAM","0012000000UNaaH","260","a0l20000001ErfB","Item Created"
"a3Lw00000000XIbEAM","0012000000UNaaH","300","a0l20000001FWiZ","Item Created"
"a3Lw00000000XIcEAM","0012000000UNaaH","940.86","a0l20000001GRMC","Item Created"
"a3Lw00000000XIdEAM","0012000000UNaaH","3057","a0l20000003n65h","Item Created"
"a3Lw00000000XIeEAM","0012000000UNaaH","1650","a0l20000005Sa1s","Item Created"
"a3Lw00000000XIfEAM","0012000000UNaaH","500","a0l20000005SZzY","Item Created"
"a3Lw00000000XIgEAM","0012000000UNaaH","13759","a0l200000060cUH","Item Created"
"a3Lw00000000XIhEAM","0012000000UNaaH","15630","a0l2000000610jG","Item Created"
"a3Lw00000000XIiEAM","0012000000UNaaH","2718","a0l2000000610nv","Item Created"
"a3Lw00000000XIjEAM","0012000000meg0I","43","a0l20000001GBhI","Item Created"
"a3Lw00000000XIkEAM","0012000000meg0I","3000","a0l20000001GI6h","Item Created"
"a3Lw00000000XIlEAM","0012000000meg0I","5","a0l20000001GLdo","Item Created"
"a3Lw00000000XImEAM","0012000000meg0I","200","a0l20000003qVeR","Item Created"
"a3Lw00000000XInEAM","0012000000ha8X8","85","a0l20000001FcZv","Item Created"
"a3Lw00000000XIoEAM","0012000000ha8X8","773","a0l20000001FpzB","Item Created"
"a3Lw00000000XIpEAM","0012000000ha8X8","9.5","a0l20000005TS05","Item Created"
"a3Lw00000000XIqEAM","0012000000ha8X8","19","a0l20000005TS0A","Item Created"
"a3Lw00000000XIrEAM","0012000000ha8X8","5.7","a0l20000005TS0K","Item Created"
"a3Lw00000000XIsEAM","0012000000ha8X8","5.7","a0l20000005TS0P","Item Created"
"a3Lw00000000XItEAM","0012000000ha8X8","19","a0l20000005TS0U","Item Created"
"a3Lw00000000XIuEAM","0012000000ha8X8","17.1","a0l20000005TS0e","Item Created"
"a3Lw00000000XIvEAM","0012000000SENJR","7135","a0l20000000U1AE","Item Created"
"a3Lw00000000XIwEAM","0012000000SENJR","300","a0l20000000U2vR","Item Created"
"a3Lw00000000XIxEAM","0012000000kmxMo","1297","a0l20000001GaHM","Item Created"
"a3Lw00000000XIyEAM","0012000000kmxMo","103","a0l20000001GbKm","Item Created"
"a3Lw00000000XIzEAM","0012000000kmxMo","13.13","a0l20000003n0OQ","Item Created"
"a3Lw00000000XJ0EAM","0012000000kmxMo","30.75","a0l20000003n0OV","Item Created"
"a3Lw00000000XJ1EAM","0012000000kmxMo","17.5","a0l20000003nx4m","Item Created"
"a3Lw00000000XJ2EAM","0012000000kmxMo","50.63","a0l20000003nx4r","Item Created"
"a3Lw00000000XJ3EAM","0012000000kmxMo","12.13","a0l20000003nx51","Item Created"
"a3Lw00000000XJ4EAM","0012000000kmxMo","16.25","a0l20000003nx56","Item Created"
"a3Lw00000000XJ5EAM","0012000000kmxMo","28.5","a0l20000003nx4n","Item Created"
"a3Lw00000000XJ6EAM","0012000000kmxMo","200","a0l20000003nx5B","Item Created"
"a3Lw00000000XJ7EAM","0012000000WS8rg","47","a0l20000001FkJG","Item Created"
"a3Lw00000000XJ8EAM","0012000000WS8rg","2","a0l20000001FlPj","Item Created"
"a3Lw00000000XJ9EAM","0012000000WS8rg","100","a0l20000003nx5G","Item Created"
"a3Lw00000000XJAEA2","0012000000WS8rg","100","a0l20000003nx5L","Item Created"
"a3Lw00000000XJBEA2","0012000000WS8rg","4.8","a0l20000003pDks","Item Created"
"a3Lw00000000XJCEA2","0012000000WS8rg","5","a0l20000003pDkx","Item Created"
"a3Lw00000000XJDEA2","0012000000WS8rg","3","a0l20000003pDl2","Item Created"
"a3Lw00000000XJEEA2","0012000000WS8rg","5","a0l20000003pDl7","Item Created"
"a3Lw00000000XJFEA2","0012000000WS8rg","12","a0l20000003pDlC","Item Created"
"a3Lw00000000XJGEA2","0012000000WS8rg","12","a0l20000003pDlM","Item Created"
"a3Lw00000000XJHEA2","0012000000WS8rg","12","a0l20000003pDlR","Item Created"
"a3Lw00000000XJIEA2","0012000000WS8rg","17.5","a0l20000003pDlW","Item Created"
"a3Lw00000000XJJEA2","0012000000WS8rg","4.5","a0l20000003pDlg","Item Created"
"a3Lw00000000XJKEA2","0012000000WS8rg","1.25","a0l200000060uhB","Item Created"
"a3Lw00000000XJLEA2","0012000000WS8rg","1.25","a0l200000060uhG","Item Created"
"a3Lw00000000XJMEA2","0012000000wDGYo","26.25","a0l200000060uhL","Item Created"
"a3Lw00000000XJNEA2","0012000000wDGYo","26.25","a0l200000060uhQ","Item Created"
"a3Lw00000000XJOEA2","0012000000wDGYo","6087","a0l200000061059","Item Created"
"a3Lw00000000XJPEA2","0012000000jrsbz","2232","a0l20000001FqLW","Item Created"
"a3Lw00000000XJQEA2","0012000000jrsbz","1275","a0l20000001Fu31","Item Created"
"a3Lw00000000XJREA2","0012000000SENJQ","100","a0l20000000Tqm3","Item Created"
"a3Lw00000000XJSEA2","0012000000SENJQ","1951.7","a0l20000000VSkw","Item Created"
"a3Lw00000000XJTEA2","0012000000SENJQ","200","a0l20000000CNwz","Item Created"
"a3Lw00000000XJUEA2","0012000000SENJQ","10886","a0l20000001Fbzr","Item Created"
"a3Lw00000000XJVEA2","0012000000SENJQ","62","a0l20000001FdWI","Item Created"
"a3Lw00000000XJWEA2","0012000000SENJQ","2284","a0l20000001Ffk3","Item Created"
"a3Lw00000000XJXEA2","0012000000SENJQ","4447","a0l20000001FnP4","Item Created"
"a3Lw00000000XJYEA2","0012000000SENJQ","230","a0l20000003nmFb","Item Created"
"a3Lw00000000XJZEA2","0012000000SENJQ","12.5","a0l20000003pDk5","Item Created"
"a3Lw00000000XJaEAM","0012000000SENJQ","2900","a0l20000005SZuJ","Item Created"
"a3Lw00000000XJbEAM","0012000000q8S4F","781","a0l20000003p3Bx","Item Created"
"a3Lw00000000XJcEAM","0012000000q8S4F","74","a0l20000003pDht","Item Created"
"a3Lw00000000XJdEAM","0012000000q8S4F","119.69","a0l20000003pDi3","Item Created"
"a3Lw00000000XJeEAM","0012000000q8S4F","119.69","a0l20000003pDiD","Item Created"
"a3Lw00000000XJfEAM","0012000000q8S4F","74.05","a0l20000003px0t","Item Created"
"a3Lw00000000XJgEAM","0012000000q8S4F","75","a0l20000005TJwj","Item Created"
"a3Lw00000000XJhEAM","0012000000q8S4F","45","a0l20000006EPU9","Item Created"
"a3Lw00000000XJiEAM","0012000000q8S4F","50","a0l20000006EPUE","Item Created"
"a3Lw00000000XJjEAM","0012000000q8S4F","25","a0l20000006EPUJ","Item Created"
"a3Lw00000000XJkEAM","0012000000q8S4F","15","a0l20000006EPUY","Item Created"
"a3Lw00000000XJlEAM","0012000000rHELR","200","a0l20000003nx4c","Item Created"
"a3Lw00000000XJmEAM","0012000000rHELR","75","a0l20000003nx4h","Item Created"
"a3Lw00000000XJnEAM","0012000000rHELR","75","a0l20000003nx2X","Item Created"
"a3Lw00000000XJoEAM","0012000000rHELR","10000","a0l20000003qVLp","Item Created"
"a3Lw00000000XJpEAM","0012000000rHELR","150","a0l20000003qnUl","Item Created"
"a3Lw00000000XJqEAM","0012000000rHELR","24331","a0l20000005Tl7i","Item Created"
"a3Lw00000000XJrEAM","0012000000oGpYV","25","a0l20000003n0DL","Item Created"
"a3Lw00000000XJsEAM","0012000000ea0Py","1800","a0l20000001FMGp","Item Created"
"a3Lw00000000XJtEAM","0012000000ea0Py","7000","a0l20000001FMH9","Item Created"
"a3Lw00000000XJuEAM","0012000000ea0Py","250","a0l20000001FPrV","Item Created"
"a3Lw00000000XJvEAM","0012000000wknRa","3552","a0l2000000610hZ","Item Created"
"a3Lw00000000XJwEAM","0012000000pQctD","15","a0l20000003nx2b","Item Created"
"a3Lw00000000XJxEAM","0012000000pQctD","30","a0l20000003nx2g","Item Created"
"a3Lw00000000XJyEAM","0012000000pQctD","15","a0l20000003nx2l","Item Created"
"a3Lw00000000XJzEAM","0012000000pQctD","36","a0l20000003nx2q","Item Created"
"a3Lw00000000XK0EAM","0012000000pQctD","18","a0l20000003nx2v","Item Created"
"a3Lw00000000XK1EAM","0012000000pQctD","200","a0l20000003qVVD","Item Created"
"a3Lw00000000XK2EAM","0012000000pQctD","999","a0l20000005SEHn","Item Created"
"a3Lw00000000XK3EAM","0012000000pQctD","30","a0l20000005TJtz","Item Created"
"a3Lw00000000XK4EAM","0012000000pQctD","20","a0l20000005TJuE","Item Created"
"a3Lw00000000XK5EAM","0012000000pQctD","12","a0l20000005TJuJ","Item Created"
"a3Lw00000000XK6EAM","0012000000pQctD","10","a0l20000005TJun","Item Created"
"a3Lw00000000XK7EAM","0012000000pQctD","6","a0l20000005TJux","Item Created"
"a3Lw00000000XK8EAM","0012000000pQctD","18","a0l20000005TJra","Item Created"
"a3Lw00000000XK9EAM","0012000000pQctD","50","a0l20000006EJOf","Item Created"
"a3Lw00000000XKAEA2","0012000000pQctD","50","a0l20000006EJOk","Item Created"
"a3Lw00000000XKBEA2","0012000000pQctD","50","a0l20000006EJOu","Item Created"
"a3Lw00000000XKCEA2","0012000000pQctD","1.5","a0l20000006FLPY","Item Created"
"a3Lw00000000XKDEA2","0012000000pQctD","2","a0l200000060sU9","Item Created"
"a3Lw00000000XKEEA2","0012000000pQctD","2","a0l200000060sUE","Item Created"
"a3Lw00000000XKFEA2","0012000000pQctD","3","a0l200000060sUJ","Item Created"
"a3Lw00000000XKGEA2","0012000000pQctD","50","a0l200000060sUO","Item Created"
"a3Lw00000000XKHEA2","0012000000pQctD","50","a0l200000060sUY","Item Created"
"a3Lw00000000XKIEA2","0012000000pQctD","50","a0l200000060sUd","Item Created"
"a3Lw00000000XKJEA2","0012000000pQctD","1","a0l200000060sUn","Item Created"
"a3Lw00000000XKKEA2","0012000000pQctD","2","a0l200000060sUs","Item Created"
"a3Lw00000000XKLEA2","0012000000SENJU","28560","a0l20000000TqIS","Item Created"
"a3Lw00000000XKMEA2","0012000000SENJU","575","a0l20000000TqIX","Item Created"
"a3Lw00000000XKNEA2","0012000000uiEyq","75","a0l200000060sTp","Item Created"
"a3Lw00000000XKOEA2","0012000000uiEyq","75","a0l200000060sTu","Item Created"
"a3Lw00000000XKPEA2","0012000000uiEyq","150","a0l200000060sTz","Item Created"
"a3Lw00000000XKQEA2","0012000000cVKEM","100","a0l20000001DuHT","Item Created"
"a3Lw00000000XKREA2","0012000000rma87","375","a0l20000005TRzM","Item Created"
"a3Lw00000000XKSEA2","0012000000rma87","375","a0l20000005TRzR","Item Created"
"a3Lw00000000XKTEA2","0012000000rma87","250","a0l20000005TRzW","Item Created"
"a3Lw00000000XKUEA2","0012000000rma87","31.25","a0l20000005TRzb","Item Created"
"a3Lw00000000XKVEA2","0012000000rma87","29.4","a0l20000006EJYu","Item Created"
"a3Lw00000000XKWEA2","0012000000rma87","5.7","a0l20000006EJZ4","Item Created"
"a3Lw00000000XKXEA2","0012000000rma87","10.2","a0l20000006EJZE","Item Created"
"a3Lw00000000XKYEA2","0012000000rma87","47","a0l20000006EJYv","Item Created"
"a3Lw00000000XKZEA2","0012000000rma87","99","a0l20000006EJZO","Item Created"
"a3Lw00000000XKaEAM","0012000000rma87","32.5","a0l20000006EJZY","Item Created"
"a3Lw00000000XKbEAM","0012000000rma87","102","a0l20000006EJZd","Item Created"
"a3Lw00000000XKcEAM","0012000000rma87","10","a0l20000006EJZi","Item Created"
"a3Lw00000000XKdEAM","0012000000rma87","0.95","a0l200000060sTf","Item Created"
"a3Lw00000000XKeEAM","0012000000rma87","5892","a0l2000000610lb","Item Created"
"a3Lw00000000XKfEAM","0012000000jbPbw","2500","a0l20000001FXgS","Item Created"
"a3Lw00000000XKgEAM","0012000000jbPbw","4800","a0l20000001FXgX","Item Created"
"a3Lw00000000XKhEAM","0012000000Z8INv","15","a0l20000001FlPe","Item Created"
"a3Lw00000000XKiEAM","0012000000Z8INv","100","a0l20000001Frmh","Item Created"
"a3Lw00000000XKjEAM","0012000000Z8INv","500","a0l200000060wtw","Item Created"
"a3Lw00000000XKkEAM","0012000000Z8INv","15","a0l200000060wu1","Item Created"
"a3Lw00000000XKlEAM","0012000000bFBKb","700","a0l20000000Bepx","Item Created"
"a3Lw00000000XKmEAM","0012000000bFBKb","7750","a0l20000000Ca9K","Item Created"
"a3Lw00000000XKnEAM","0012000000bFBKb","1000","a0l20000001EB2h","Item Created"
"a3Lw00000000XKoEAM","0012000000bFBKb","1000","a0l20000001EB2m","Item Created"
"a3Lw00000000XKpEAM","0012000000bFBKb","1000","a0l20000001EB2n","Item Created"
"a3Lw00000000XKqEAM","0012000000bFBKb","1000","a0l20000001EB2r","Item Created"
"a3Lw00000000XKrEAM","0012000000bFBKb","14.25","a0l20000003nx2R","Item Created"
"a3Lw00000000XKsEAM","0012000000bFBKb","282","a0l20000003nx2W","Item Created"
"a3Lw00000000XKtEAM","0012000000bFBKb","171","a0l20000003pUFK","Item Created"
"a3Lw00000000XKuEAM","0012000000s1GoV","66.13","a0l20000005RKfN","Item Created"
"a3Lw00000000XKvEAM","0012000000s1GoV","78.63","a0l20000005RKfS","Item Created"
"a3Lw00000000XKwEAM","0012000000s1GoV","2355","a0l20000005SZta","Item Created"
"a3Lw00000000XKxEAM","0012000000s1GoV","750","a0l20000005SZuw","Item Created"
"a3Lw00000000XKyEAM","0012000000s1GoV","355","a0l20000005SZv1","Item Created"
"a3Lw00000000XKzEAM","0012000000s1GoV","25","a0l20000005TJoz","Item Created"
"a3Lw00000000XL0EAM","0012000000s1GoV","55","a0l20000005TJp4","Item Created"
"a3Lw00000000XL1EAM","0012000000s1GoV","37","a0l20000005TJpE","Item Created"
"a3Lw00000000XL2EAM","0012000000s1GoV","33.6","a0l20000005TJmL","Item Created"
"a3Lw00000000XL3EAM","0012000000s1GoV","17","a0l20000005TJqq","Item Created"
"a3Lw00000000XL4EAM","0012000000s1GoV","3.3","a0l20000005TJr0","Item Created"
"a3Lw00000000XL5EAM","0012000000s1GoV","10.8","a0l20000005TJrF","Item Created"
"a3Lw00000000XL6EAM","0012000000s1GoV","11.5","a0l20000005TJrZ","Item Created"
"a3Lw00000000XL7EAM","0012000000s1GoV","10.5","a0l20000005TJro","Item Created"
"a3Lw00000000XL8EAM","0012000000s1GoV","7089","a0l20000006E2NV","Item Created"
"a3Lw00000000XL9EAM","0012000000wk2SW","1.5","a0l200000060sSw","Item Created"
"a3Lw00000000XLAEA2","0012000000wk2SW","2.8","a0l200000060sT1","Item Created"
"a3Lw00000000XLBEA2","0012000000wk2SW","1.75","a0l200000060sT6","Item Created"
"a3Lw00000000XLCEA2","0012000000wk2SW","3.1","a0l200000060sTB","Item Created"
"a3Lw00000000XLDEA2","0012000000wk2SW","1.4","a0l200000060sTG","Item Created"
"a3Lw00000000XLEEA2","0012000000wk2SW","2.28","a0l200000060sRq","Item Created"
"a3Lw00000000XLFEA2","0012000000wk2SW","6333","a0l200000061073","Item Created"
"a3Lw00000000XLGEA2","0012000000SENJE","12000","a0l20000000TqII","Item Created"
"a3Lw00000000XLHEA2","0012000000SENJE","32","a0l20000000TqIN","Item Created"
