"ID","ENITY ID","ACTUAL UPFRONT","ET","STATUS"
"a3Lw00000000XPwEAM","0012000000SENJV","10000","a0l20000000VLrf","Item Created"
"a3Lw00000000XPxEAM","0012000000SENJV","990","a0l20000000VRQP","Item Created"
"a3Lw00000000XPyEAM","0012000000SENJV","700","a0l20000000B1zi","Item Created"
"a3Lw00000000XPzEAM","0012000000nZmVx","150","a0l200000060rVM","Item Created"
"a3Lw00000000XQ0EAM","0012000000nZmVx","150","a0l200000060rVW","Item Created"
"a3Lw00000000XQ1EAM","0012000000nZmVx","15","a0l200000060rVb","Item Created"
"a3Lw00000000XQ2EAM","0012000000SeEJS","10808","a0l20000000UAnq","Item Created"
"a3Lw00000000XQ3EAM","0012000000SeEJS","5040","a0l20000000UAn3","Item Created"
"a3Lw00000000XQ4EAM","0012000000SeEJS","600","a0l20000000UFQh","Item Created"
"a3Lw00000000XQ5EAM","0012000000SeEJS","2460","a0l20000001FrlA","Item Created"
"a3Lw00000000XQ6EAM","0012000000SeEJS","4059","a0l20000005ScTw","Item Created"
"a3Lw00000000XQ7EAM","0012000000SeEJS","50","a0l200000060rUJ","Item Created"
"a3Lw00000000XQ8EAM","0012000000SeEJS","50","a0l200000060rUO","Item Created"
"a3Lw00000000XQ9EAM","0012000000SeEJS","4.3","a0l200000060rUT","Item Created"
"a3Lw00000000XQAEA2","0012000000SeEJS","2.7","a0l200000060rUY","Item Created"
"a3Lw00000000XQBEA2","0012000000SeEJS","4.55","a0l200000060rUi","Item Created"
"a3Lw00000000XQCEA2","0012000000SeEJS","2.15","a0l200000060rV2","Item Created"
"a3Lw00000000XQDEA2","0012000000SeEJS","4.55","a0l200000060rV7","Item Created"
"a3Lw00000000XQEEA2","0012000000SeEJS","6.8","a0l200000060rVC","Item Created"
"a3Lw00000000XQFEA2","0012000000SeEJS","2.15","a0l200000060rVH","Item Created"
"a3Lw00000000XQGEA2","0012000000vUdz4","10","a0l200000060bUo","Item Created"
"a3Lw00000000XQHEA2","0012000000vUdz4","6.25","a0l200000060qzB","Item Created"
"a3Lw00000000XQIEA2","0012000000vUdz4","1","a0l200000060qzL","Item Created"
"a3Lw00000000XQJEA2","0012000000ulfj9","16146","a0l20000006G8uk","Item Created"
"a3Lw00000000XQKEA2","0012000000ulfj9","16146","a0l2000000610oK","Item Created"
"a3Lw00000000XQLEA2","0012000000jqb3j","282.4","a0l20000001FsK2","Item Created"
"a3Lw00000000XQMEA2","0012000000hZx7B","39","a0l20000001FPgr","Item Created"
"a3Lw00000000XQNEA2","0012000000hZx7B","50","a0l20000001FWsO","Item Created"
"a3Lw00000000XQOEA2","0012000000iFjxR","1392","a0l20000001FpzQ","Item Created"
"a3Lw00000000XQPEA2","0012000000SeZyK","10000","a0l20000000U4m4","Item Created"
"a3Lw00000000XQQEA2","0012000000SeZyK","5000","a0l20000000U4mE","Item Created"
"a3Lw00000000XQREA2","0012000000eZvZI","71","a0l20000001FkIm","Item Created"
"a3Lw00000000XQSEA2","0012000000eZvZI","5","a0l20000001GI8E","Item Created"
"a3Lw00000000XQTEA2","0012000000eZvZI","465.52","a0l20000001Ge2r","Item Created"
"a3Lw00000000XQUEA2","0012000000SENJ7","15000","a0l20000000VW1m","Item Created"
"a3Lw00000000XQVEA2","0012000000vUUoQ","6795","a0l200000060cVA","Item Created"
"a3Lw00000000XQWEA2","0012000000vUUoQ","13590","a0l200000060cVF","Item Created"
"a3Lw00000000XQXEA2","0012000000vUUoQ","6795","a0l2000000610my","Item Created"
"a3Lw00000000XQYEA2","0012000000vUUoQ","13590","a0l2000000610n3","Item Created"
"a3Lw00000000XQZEA2","0012000000s0wJS","63","a0l200000060bVR","Item Created"
"a3Lw00000000XQaEAM","0012000000s0wJS","62.5","a0l200000060qyX","Item Created"
"a3Lw00000000XQbEAM","0012000000s0wJS","62.5","a0l200000060qyh","Item Created"
"a3Lw00000000XQcEAM","0012000000s2Q0p","4274","a0l20000005SZsC","Item Created"
"a3Lw00000000XQdEAM","0012000000s2Q0p","562","a0l20000005SZsM","Item Created"
"a3Lw00000000XQeEAM","0012000000s2Q0p","6946","a0l20000005ScXA","Item Created"
"a3Lw00000000XQfEAM","0012000000sVzak","562","a0l200000060zBs","Item Created"
"a3Lw00000000XQgEAM","0012000000na2Xd","20","a0l20000003pOF8","Item Created"
"a3Lw00000000XQhEAM","0012000000na2Xd","50","a0l20000003pOFD","Item Created"
"a3Lw00000000XQiEAM","0012000000na2Xd","50","a0l20000003pOFN","Item Created"
"a3Lw00000000XQjEAM","0012000000na2Xd","24","a0l20000003pOFX","Item Created"
"a3Lw00000000XQkEAM","0012000000na2Xd","10","a0l20000003pSHJ","Item Created"
"a3Lw00000000XQlEAM","0012000000na2Xd","25","a0l20000003pSDs","Item Created"
"a3Lw00000000XQmEAM","0012000000na2Xd","25","a0l20000003pSHO","Item Created"
"a3Lw00000000XQnEAM","0012000000na2Xd","20","a0l20000003pSHT","Item Created"
"a3Lw00000000XQoEAM","0012000000na2Xd","40","a0l20000003pSHY","Item Created"
"a3Lw00000000XQpEAM","0012000000na2Xd","12","a0l20000003pSHd","Item Created"
"a3Lw00000000XQqEAM","0012000000eXfgo","575","a0l20000001FKsL","Item Created"
"a3Lw00000000XQrEAM","0012000000mehrg","286.8","a0l20000001G90v","Item Created"
"a3Lw00000000XQsEAM","0012000000XEQLf","900","a0l20000000VRQe","Item Created"
"a3Lw00000000XQtEAM","0012000000XEQLf","450","a0l20000000VRQj","Item Created"
"a3Lw00000000XQuEAM","0012000000rmcFl","5226","a0l2000000610iw","Item Created"
"a3Lw00000000XQvEAM","0012000000inSBv","429.89","a0l20000003q7m7","Item Created"
"a3Lw00000000XQwEAM","0012000000klfWt","1911","a0l20000001G8FO","Item Created"
"a3Lw00000000XQxEAM","0012000000klfWt","2144.24","a0l20000001GGyP","Item Created"
"a3Lw00000000XQyEAM","0012000000klfWt","1059.83","a0l20000001GLwM","Item Created"
"a3Lw00000000XQzEAM","0012000000klfWt","1087.94","a0l20000001GODp","Item Created"
"a3Lw00000000XR0EAM","0012000000klfWt","879.32","a0l20000001GPXa","Item Created"
"a3Lw00000000XR1EAM","0012000000klfWt","206","a0l20000001Gl7I","Item Created"
"a3Lw00000000XR2EAM","0012000000klfWt","1063.85","a0l20000003aUp9","Item Created"
"a3Lw00000000XR3EAM","0012000000klfWt","3.2","a0l200000060qxe","Item Created"
"a3Lw00000000XR4EAM","0012000000klfWt","1.65","a0l200000060qxj","Item Created"
"a3Lw00000000XR5EAM","0012000000klfWt","2.65","a0l200000060qxo","Item Created"
"a3Lw00000000XR6EAM","0012000000klfWt","2","a0l200000060qxy","Item Created"
"a3Lw00000000XR7EAM","0012000000klfWt","3.5","a0l200000060qy3","Item Created"
"a3Lw00000000XR8EAM","0012000000klfWt","0.6","a0l200000060qy8","Item Created"
"a3Lw00000000XR9EAM","0012000000kl9Hs","1435","a0l20000003p1Pt","Item Created"
"a3Lw00000000XRAEA2","0012000000s0lvw","29.1","a0l20000005R2rE","Item Created"
"a3Lw00000000XRBEA2","0012000000s0lvw","1592","a0l20000006E2N1","Item Created"
"a3Lw00000000XRCEA2","0012000000rm8jt","900","a0l20000005Sa2R","Item Created"
"a3Lw00000000XRDEA2","0012000000rm8jt","765","a0l20000005Sc2l","Item Created"
"a3Lw00000000XREEA2","0012000000jbJlT","1526","a0l20000001Fcsw","Item Created"
"a3Lw00000000XRFEA2","0012000000jbJlT","30","a0l20000001Fct1","Item Created"
"a3Lw00000000XRGEA2","0012000000jbJlT","900","a0l20000001Ffs2","Item Created"
"a3Lw00000000XRHEA2","0012000000jbJlT","30","a0l20000001Fo05","Item Created"
"a3Lw00000000XRIEA2","0012000000jbJlT","74","a0l20000001FtWj","Item Created"
"a3Lw00000000XRJEA2","0012000000Z8IN4","311","a0l20000001Fbzg","Item Created"
"a3Lw00000000XRKEA2","0012000000Z8IN4","25","a0l20000001FdEE","Item Created"
"a3Lw00000000XRLEA2","0012000000Z8IN4","200","a0l20000001Fin3","Item Created"
"a3Lw00000000XRMEA2","0012000000SENJT","5000","a0l20000000TqAx","Item Created"
"a3Lw00000000XRNEA2","0012000000u4Ekc","327","a0l200000060bUY","Item Created"
"a3Lw00000000XROEA2","0012000000u4Ekc","3661","a0l200000060bUd","Item Created"
"a3Lw00000000XRPEA2","0012000000u4Ekc","10080","a0l200000060bUi","Item Created"
"a3Lw00000000XRQEA2","0012000000u4Ekc","11000","a0l200000060bUn","Item Created"
"a3Lw00000000XRREA2","0012000000u4Ekc","687","a0l200000060bUs","Item Created"
"a3Lw00000000XRSEA2","0012000000u4Ekc","1041","a0l200000060bUx","Item Created"
"a3Lw00000000XRTEA2","0012000000u4Ekc","327","a0l200000060bU0","Item Created"
"a3Lw00000000XRUEA2","0012000000u4Ekc","3679","a0l200000060bV7","Item Created"
"a3Lw00000000XRVEA2","0012000000u4Ekc","3660","a0l200000060bVC","Item Created"
"a3Lw00000000XRWEA2","0012000000u4Ekc","4702","a0l200000060bVH","Item Created"
"a3Lw00000000XRXEA2","0012000000u4Ekc","5518","a0l200000060bVM","Item Created"
"a3Lw00000000XRYEA2","0012000000u4Ekc","15493","a0l2000000610lW","Item Created"
"a3Lw00000000XRZEA2","0012000000eYRUl","1792","a0l20000003n65I","Item Created"
"a3Lw00000000XRaEAM","0012000000eYRUl","17.5","a0l20000003qRfr","Item Created"
"a3Lw00000000XRbEAM","0012000000eYRUl","7.5","a0l20000005QLue","Item Created"
"a3Lw00000000XRcEAM","0012000000eYRUl","5","a0l20000005SIbp","Item Created"
"a3Lw00000000XRdEAM","0012000000eYRUl","450","a0l20000005Sc35","Item Created"
"a3Lw00000000XReEAM","0012000000eYRUl","5","a0l20000005TJQn","Item Created"
"a3Lw00000000XRfEAM","0012000000eYRUl","5","a0l20000005TRRt","Item Created"
"a3Lw00000000XRgEAM","0012000000eYRUl","6.25","a0l20000005TdOg","Item Created"
"a3Lw00000000XRhEAM","0012000000eYRUl","6.25","a0l20000006E2DW","Item Created"
"a3Lw00000000XRiEAM","0012000000eYRUl","6.25","a0l20000006FvLP","Item Created"
"a3Lw00000000XRjEAM","0012000000eYRUl","25","a0l200000060sGO","Item Created"
"a3Lw00000000XRkEAM","0012000000eYRUl","25","a0l200000060sGT","Item Created"
"a3Lw00000000XRlEAM","0012000000meqcv","1356.72","a0l20000001GLDA","Item Created"
"a3Lw00000000XRmEAM","0012000000SEP80","1500","a0l20000000U76c","Item Created"
"a3Lw00000000XRnEAM","0012000000SEP80","25000","a0l20000000U76m","Item Created"
"a3Lw00000000XRoEAM","0012000000SEP80","2500","a0l20000001EDe4","Item Created"
"a3Lw00000000XRpEAM","0012000000SEP80","350","a0l20000001FcIH","Item Created"
"a3Lw00000000XRqEAM","0012000000SEP80","400","a0l20000001FtCo","Item Created"
"a3Lw00000000XRrEAM","0012000000SEP80","200","a0l20000001G2XR","Item Created"
"a3Lw00000000XRsEAM","0012000000SEP80","100","a0l20000003noZE","Item Created"
"a3Lw00000000XRtEAM","0012000000SEP80","100","a0l20000003noZJ","Item Created"
"a3Lw00000000XRuEAM","0012000000SEP80","312.5","a0l20000003qCPy","Item Created"
"a3Lw00000000XRvEAM","0012000000SEP80","312.5","a0l20000003qCQ3","Item Created"
"a3Lw00000000XRwEAM","0012000000SEP80","200","a0l20000006E2Df","Item Created"
"a3Lw00000000XRxEAM","0012000000SEP80","150","a0l20000006E2Dp","Item Created"
"a3Lw00000000XRyEAM","0012000000SEP80","275","a0l20000006E2Du","Item Created"
"a3Lw00000000XRzEAM","0012000000SEP80","200","a0l20000006E2DR","Item Created"
"a3Lw00000000XS0EAM","0012000000SEP80","24","a0l20000006EJTf","Item Created"
"a3Lw00000000XS1EAM","0012000000SEP80","24","a0l20000006EJTk","Item Created"
"a3Lw00000000XS2EAM","0012000000mhtRs","355.12","a0l20000001GRB4","Item Created"
"a3Lw00000000XS3EAM","0012000000mhtRs","105","a0l20000001GXV1","Item Created"
"a3Lw00000000XS4EAM","0012000000mhtRs","35","a0l20000001GbLG","Item Created"
"a3Lw00000000XS5EAM","0012000000mhtRs","806","a0l20000001HEwJ","Item Created"
"a3Lw00000000XS6EAM","0012000000mhtRs","915","a0l20000001HEwO","Item Created"
"a3Lw00000000XS7EAM","0012000000mhtRs","35","a0l20000003qGAZ","Item Created"
"a3Lw00000000XS8EAM","0012000000mhtRs","1652","a0l20000005RxwQ","Item Created"
"a3Lw00000000XS9EAM","0012000000mhtRs","1676","a0l20000005SZtp","Item Created"
"a3Lw00000000XSAEA2","0012000000mhtRs","805.95","a0l20000003aUok","Item Created"
"a3Lw00000000XSBEA2","0012000000mhtRs","31.25","a0l200000060rVq","Item Created"
"a3Lw00000000XSCEA2","0012000000mhtRs","50","a0l200000060rVv","Item Created"
"a3Lw00000000XSDEA2","0012000000mhtRs","31.25","a0l200000060rW5","Item Created"
"a3Lw00000000XSEEA2","0012000000mhtRs","37.5","a0l200000060rWA","Item Created"
"a3Lw00000000XSFEA2","0012000000tMeuB","36","a0l20000006EJVv","Item Created"
"a3Lw00000000XSGEA2","0012000000tMeuB","30","a0l20000006EJW0","Item Created"
"a3Lw00000000XSHEA2","0012000000tMeuB","36","a0l20000006EJWA","Item Created"
"a3Lw00000000XSIEA2","0012000000XEdu1","26000","a0l20000000VJEF","Item Created"
"a3Lw00000000XSJEA2","0012000000XEdu1","5000","a0l20000000VJEK","Item Created"
"a3Lw00000000XSKEA2","0012000000XEdu1","500","a0l20000001EODa","Item Created"
"a3Lw00000000XSLEA2","0012000000XEdu1","2000","a0l20000001FJBR","Item Created"
"a3Lw00000000XSMEA2","0012000000XEdu1","100","a0l20000001FdEJ","Item Created"
"a3Lw00000000XSNEA2","0012000000XEdu1","750","a0l20000001Fimy","Item Created"
"a3Lw00000000XSOEA2","0012000000XEdu1","25","a0l20000001FkIr","Item Created"
"a3Lw00000000XSPEA2","0012000000XEdu1","12.5","a0l20000001Fn8c","Item Created"
"a3Lw00000000XSQEA2","0012000000XEdu1","12.5","a0l20000006EH8v","Item Created"
"a3Lw00000000XSREA2","0012000000qQ3A5","10.5","a0l20000003noaC","Item Created"
"a3Lw00000000XSSEA2","0012000000qQ3A5","16.25","a0l20000003noaM","Item Created"
"a3Lw00000000XSTEA2","0012000000qQ3A5","12","a0l20000003noaR","Item Created"
"a3Lw00000000XSUEA2","0012000000qQ3A5","33","a0l20000003noaW","Item Created"
"a3Lw00000000XSVEA2","0012000000qQ3A5","200","a0l20000003noZo","Item Created"
"a3Lw00000000XSWEA2","0012000000qQ3A5","20","a0l20000003noab","Item Created"
"a3Lw00000000XSXEA2","0012000000qQ3A5","7.5","a0l20000003pSHi","Item Created"
"a3Lw00000000XSYEA2","0012000000qQ3A5","2895","a0l20000005ScIP","Item Created"
"a3Lw00000000XSZEA2","0012000000qQ3A5","2895","a0l20000006G8mf","Item Created"
"a3Lw00000000XSaEAM","0012000000qQ3A5","17","a0l200000060wYA","Item Created"
"a3Lw00000000XSbEAM","0012000000qQ3A5","0.53","a0l200000060wYF","Item Created"
"a3Lw00000000XScEAM","0012000000qQ3A5","7","a0l200000060wYK","Item Created"
"a3Lw00000000XSdEAM","0012000000qQ3A5","55","a0l200000060wYP","Item Created"
"a3Lw00000000XSeEAM","0012000000qQ3A5","1.75","a0l200000060wYU","Item Created"
"a3Lw00000000XSfEAM","0012000000qQ3A5","2.75","a0l200000060wYZ","Item Created"
"a3Lw00000000XSgEAM","0012000000frHc4","129.56","a0l20000001Fbzq","Item Created"
"a3Lw00000000XShEAM","0012000000frHc4","1025","a0l20000001FqLb","Item Created"
"a3Lw00000000XSiEAM","0012000000frHc4","1315","a0l20000001FqMP","Item Created"
"a3Lw00000000XSjEAM","0012000000frHc4","1205","a0l20000001FwUG","Item Created"
"a3Lw00000000XSkEAM","0012000000frHc4","2232.48","a0l20000001GLDK","Item Created"
"a3Lw00000000XSlEAM","0012000000frHc4","200","a0l20000003qCQ8","Item Created"
"a3Lw00000000XSmEAM","0012000000frHc4","478","a0l20000005SIOo","Item Created"
"a3Lw00000000XSnEAM","0012000000frHc4","1332","a0l20000005Sc0k","Item Created"
"a3Lw00000000XSoEAM","0012000000frHc4","2118","a0l20000005Sc22","Item Created"
"a3Lw00000000XSpEAM","0012000000frHc4","1347.68","a0l20000003aUop","Item Created"
"a3Lw00000000XSqEAM","0012000000frHc4","28","a0l200000060rX3","Item Created"
"a3Lw00000000XSrEAM","0012000000frHc4","15","a0l200000060ump","Item Created"
"a3Lw00000000XSsEAM","0012000000frHc4","10","a0l200000060umu","Item Created"
"a3Lw00000000XStEAM","0012000000frHc4","15","a0l200000060umz","Item Created"
"a3Lw00000000XSuEAM","0012000000knmwQ","910","a0l20000001Gl7N","Item Created"
"a3Lw00000000XSvEAM","0012000000knmwQ","4696","a0l20000003p1ON","Item Created"
"a3Lw00000000XSwEAM","0012000000knmwQ","76.48","a0l200000060wYe","Item Created"
"a3Lw00000000XSxEAM","0012000000Uquy1","26250","a0l20000000U77G","Item Created"
"a3Lw00000000XSyEAM","0012000000Uquy1","15000","a0l20000000U77L","Item Created"
"a3Lw00000000XSzEAM","0012000000Uquy1","5750","a0l20000000U77Q","Item Created"
"a3Lw00000000XT0EAM","0012000000Uquy1","2600","a0l20000000U8uL","Item Created"
"a3Lw00000000XT1EAM","0012000000Uquy1","7000","a0l20000000U9av","Item Created"
"a3Lw00000000XT2EAM","0012000000Uquy1","7300","a0l20000000UjNk","Item Created"
"a3Lw00000000XT3EAM","0012000000Uquy1","1000","a0l20000000UjNp","Item Created"
"a3Lw00000000XT4EAM","0012000000Uquy1","37190","a0l20000000VMIM","Item Created"
"a3Lw00000000XT5EAM","0012000000Uquy1","29700","a0l20000000VN2N","Item Created"
"a3Lw00000000XT6EAM","0012000000Uquy1","12700","a0l20000000VN2S","Item Created"
"a3Lw00000000XT7EAM","0012000000Uquy1","22700","a0l20000000VN2X","Item Created"
"a3Lw00000000XT8EAM","0012000000Uquy1","5000","a0l20000001GI7G","Item Created"
"a3Lw00000000XT9EAM","0012000000tAjXK","696.28","a0l20000003aUpE","Item Created"
"a3Lw00000000XMiEAM","0012000000SENGD","10000","a0l20000000TriM","Item Created"
"a3Lw00000000XMjEAM","0012000000SENGD","10000","a0l20000000TriR","Item Created"
"a3Lw00000000XMkEAM","0012000000SENGD","30000","a0l20000000Tupp","Item Created"
"a3Lw00000000XMlEAM","0012000000SENGD","250","a0l20000000UADi","Item Created"
"a3Lw00000000XMmEAM","0012000000eZ8wU","1706","a0l20000001FRUg","Item Created"
"a3Lw00000000XMnEAM","0012000000eZ8wU","350","a0l20000001FRVA","Item Created"
"a3Lw00000000XMoEAM","0012000000eZ8wU","900","a0l20000001FRVZ","Item Created"
"a3Lw00000000XMpEAM","0012000000eZ8wU","50","a0l20000001FRVe","Item Created"
"a3Lw00000000XMqEAM","0012000000eZ8wU","204","a0l20000003ozRZ","Item Created"
"a3Lw00000000XMrEAM","0012000000eZ8wU","5","a0l20000003qGHW","Item Created"
"a3Lw00000000XMsEAM","0012000000eZ8wU","6","a0l20000003qGGd","Item Created"
"a3Lw00000000XMtEAM","0012000000eZ8wU","5","a0l20000003qGIr","Item Created"
"a3Lw00000000XMuEAM","0012000000eZ8wU","6","a0l20000003qGIw","Item Created"
"a3Lw00000000XMvEAM","0012000000eZ8wU","5","a0l20000003qGJ1","Item Created"
"a3Lw00000000XMwEAM","0012000000eZ8wU","9","a0l20000005TRRy","Item Created"
"a3Lw00000000XMxEAM","0012000000eZ8wU","6","a0l20000005TRS3","Item Created"
"a3Lw00000000XMyEAM","0012000000eZ8wU","5","a0l20000005TRS8","Item Created"
"a3Lw00000000XMzEAM","0012000000eZ8wU","6","a0l20000005TRSD","Item Created"
"a3Lw00000000XN0EAM","0012000000eZ8wU","2.5","a0l20000005TRSI","Item Created"
"a3Lw00000000XN1EAM","0012000000eZ8wU","7.5","a0l20000005TRSN","Item Created"
"a3Lw00000000XN2EAM","0012000000eZ8wU","3","a0l20000005TRSS","Item Created"
"a3Lw00000000XN3EAM","0012000000eZ8wU","3","a0l20000005TRSX","Item Created"
"a3Lw00000000XN4EAM","0012000000eZ8wU","1084","a0l20000006EJYC","Item Created"
"a3Lw00000000XN5EAM","0012000000klqNU","25","a0l20000001GAcY","Item Created"
"a3Lw00000000XN6EAM","0012000000klqNU","1200","a0l20000001GI6N","Item Created"
"a3Lw00000000XN7EAM","0012000000iVxDd","8336","a0l20000001FVv6","Item Created"
"a3Lw00000000XN8EAM","0012000000iVxDd","85","a0l20000001FVvB","Item Created"
"a3Lw00000000XN9EAM","0012000000iVxDd","1944","a0l20000001FVvG","Item Created"
"a3Lw00000000XNAEA2","0012000000iVxDd","2468","a0l20000005SEIb","Item Created"
"a3Lw00000000XNBEA2","0012000000cW9R9","870","a0l200000060y3s","Item Created"
"a3Lw00000000XNCEA2","0012000000eX9FL","500","a0l20000001FIJT","Item Created"
"a3Lw00000000XNDEA2","0012000000eX9FL","50","a0l20000001FIJY","Item Created"
"a3Lw00000000XNEEA2","0012000000eX9FL","14000","a0l20000001FIJd","Item Created"
"a3Lw00000000XNFEA2","0012000000eX9FL","50","a0l20000001FXcQ","Item Created"
"a3Lw00000000XNGEA2","0012000000eYRVK","10","a0l20000001Fzca","Item Created"
"a3Lw00000000XNHEA2","0012000000eYRVK","250","a0l20000001GI8J","Item Created"
"a3Lw00000000XNIEA2","0012000000eYRVK","37.5","a0l20000006Fxij","Item Created"
"a3Lw00000000XNJEA2","0012000000tN0Qt","4.25","a0l200000060rXI","Item Created"
"a3Lw00000000XNKEA2","0012000000tN0Qt","4.35","a0l200000060rXN","Item Created"
"a3Lw00000000XNLEA2","0012000000tN0Qt","4.25","a0l200000060rXS","Item Created"
"a3Lw00000000XNMEA2","0012000000tN0Qt","0.6","a0l200000060rXX","Item Created"
"a3Lw00000000XNNEA2","0012000000tN0Qt","4.35","a0l200000060rXc","Item Created"
"a3Lw00000000XNOEA2","0012000000rJpEY","3.3","a0l20000005R2rJ","Item Created"
"a3Lw00000000XNPEA2","0012000000rJpEY","10.5","a0l20000005R2rT","Item Created"
"a3Lw00000000XNQEA2","0012000000rJpEY","10","a0l20000005SIc4","Item Created"
"a3Lw00000000XNREA2","0012000000rJpEY","10.5","a0l20000005SIc9","Item Created"
"a3Lw00000000XNSEA2","0012000000rJpEY","20","a0l20000005SIL2","Item Created"
"a3Lw00000000XNTEA2","0012000000rJpEY","13","a0l20000005SIcJ","Item Created"
"a3Lw00000000XNUEA2","0012000000rJpEY","7.8","a0l20000006Fxit","Item Created"
"a3Lw00000000XNVEA2","0012000000mehwX","350.8","a0l20000001G910","Item Created"
"a3Lw00000000XNWEA2","0012000000mehwX","886","a0l20000003n65r","Item Created"
"a3Lw00000000XNXEA2","0012000000mehwX","65","a0l20000003p1Fe","Item Created"
"a3Lw00000000XNYEA2","0012000000jAXXB","940","a0l20000001FwUL","Item Created"
"a3Lw00000000XNZEA2","0012000000jAXXB","72","a0l20000001FwUQ","Item Created"
"a3Lw00000000XNaEAM","0012000000jAXXB","1000","a0l20000001G2XW","Item Created"
"a3Lw00000000XNbEAM","0012000000jAXXB","815","a0l20000001G5Nx","Item Created"
"a3Lw00000000XNcEAM","0012000000jAXXB","2429.7","a0l20000001GfvT","Item Created"
"a3Lw00000000XNdEAM","0012000000jAXXB","500","a0l20000001Gl7X","Item Created"
"a3Lw00000000XNeEAM","0012000000jAXXB","1288","a0l20000003p1Q3","Item Created"
"a3Lw00000000XNfEAM","0012000000jAXXB","765","a0l20000005SZxC","Item Created"
"a3Lw00000000XNgEAM","0012000000jAXXB","1100","a0l20000005Sa3o","Item Created"
"a3Lw00000000XNhEAM","0012000000fpoum","50","a0l20000001FWhg","Item Created"
"a3Lw00000000XNiEAM","0012000000fpoum","969","a0l20000001FZ6u","Item Created"
"a3Lw00000000XNjEAM","0012000000fpoum","2462","a0l20000001FZry","Item Created"
"a3Lw00000000XNkEAM","0012000000fpoum","1108","a0l20000006EJTQ","Item Created"
"a3Lw00000000XNlEAM","0012000000ZB0Ae","5","a0l20000001FdEY","Item Created"
"a3Lw00000000XNmEAM","0012000000ZB0Ae","5","a0l20000001FdPM","Item Created"
"a3Lw00000000XNnEAM","0012000000ZB0Ae","7","a0l20000001Fh6a","Item Created"
"a3Lw00000000XNoEAM","0012000000ZB0Ae","5","a0l20000001FqLg","Item Created"
"a3Lw00000000XNpEAM","0012000000ZB0Ae","26","a0l20000001FrlZ","Item Created"
"a3Lw00000000XNqEAM","0012000000ZB0Ae","7","a0l20000001Gl7S","Item Created"
"a3Lw00000000XNrEAM","0012000000ZB0Ae","7.5","a0l20000001Gzfc","Item Created"
"a3Lw00000000XNsEAM","0012000000ZB0Ae","5","a0l20000003n0En","Item Created"
"a3Lw00000000XNtEAM","0012000000ZB0Ae","2.5","a0l20000003n0Ex","Item Created"
"a3Lw00000000XNuEAM","0012000000ZB0Ae","2.5","a0l20000003noal","Item Created"
"a3Lw00000000XNvEAM","0012000000ZB0Ae","1.25","a0l20000003noaq","Item Created"
"a3Lw00000000XNwEAM","0012000000ZB0Ae","2.5","a0l20000003pDmo","Item Created"
"a3Lw00000000XNxEAM","0012000000ZB0Ae","5","a0l20000003pSHs","Item Created"
"a3Lw00000000XNyEAM","0012000000ZB0Ae","30","a0l20000003qCQD","Item Created"
"a3Lw00000000XNzEAM","0012000000ZB0Ae","2.5","a0l20000003qCQI","Item Created"
"a3Lw00000000XO0EAM","0012000000ZB0Ae","2","a0l20000005PwHK","Item Created"
"a3Lw00000000XO1EAM","0012000000ZB0Ae","1","a0l20000005TRSc","Item Created"
"a3Lw00000000XO2EAM","0012000000ZB0Ae","1.5","a0l20000005TRSh","Item Created"
"a3Lw00000000XO3EAM","0012000000ZB0Ae","50","a0l20000006Ee89","Item Created"
"a3Lw00000000XO4EAM","0012000000ha8cr","856","a0l20000001FWsx","Item Created"
"a3Lw00000000XO5EAM","0012000000ha8cr","110","a0l20000001FWt2","Item Created"
"a3Lw00000000XO6EAM","0012000000ha8cr","34","a0l20000001Fh6f","Item Created"
"a3Lw00000000XO7EAM","0012000000ha8cr","73","a0l20000001FlPK","Item Created"
"a3Lw00000000XO8EAM","0012000000ha8cr","571","a0l20000003nWUr","Item Created"
"a3Lw00000000XO9EAM","0012000000ha8cr","17.5","a0l20000003noav","Item Created"
"a3Lw00000000XOAEA2","0012000000ha8cr","17.5","a0l20000003noac","Item Created"
"a3Lw00000000XOBEA2","0012000000ha8cr","9","a0l20000003nob0","Item Created"
"a3Lw00000000XOCEA2","0012000000ha8cr","200","a0l20000003qCQS","Item Created"
"a3Lw00000000XODEA2","0012000000ha8cr","200","a0l20000003qCQX","Item Created"
"a3Lw00000000XOEEA2","0012000000ha8cr","200","a0l20000003qCOh","Item Created"
"a3Lw00000000XOFEA2","0012000000ha8cr","200","a0l20000003qGJC","Item Created"
"a3Lw00000000XOGEA2","0012000000ha8cr","1.5","a0l200000060rXm","Item Created"
"a3Lw00000000XOHEA2","0012000000ha8cr","25.75","a0l200000060rY1","Item Created"
"a3Lw00000000XOIEA2","0012000000ha8cr","567","a0l200000060y3J","Item Created"
"a3Lw00000000XOJEA2","0012000000ZsjOX","1200","a0l20000000CAuP","Item Created"
"a3Lw00000000XOKEA2","0012000000vTrmq","4372","a0l2000000610mt","Item Created"
"a3Lw00000000XOLEA2","0012000000nX4Sa","175","a0l20000003nobK","Item Created"
"a3Lw00000000XOMEA2","0012000000nX4Sa","175","a0l20000003nobP","Item Created"
"a3Lw00000000XONEA2","0012000000nX4Sa","15","a0l20000003pYS6","Item Created"
"a3Lw00000000XOOEA2","0012000000nX4Sa","15","a0l20000003ppGY","Item Created"
"a3Lw00000000XOPEA2","0012000000nX4Sa","15","a0l20000003qCQh","Item Created"
"a3Lw00000000XOQEA2","0012000000nX4Sa","15","a0l20000003qCQm","Item Created"
"a3Lw00000000XOREA2","0012000000nX4Sa","4.5","a0l20000003qCQr","Item Created"
"a3Lw00000000XOSEA2","0012000000nX4Sa","15","a0l20000003qRfw","Item Created"
"a3Lw00000000XOTEA2","0012000000nX4Sa","1066","a0l2000000610j6","Item Created"
"a3Lw00000000XOUEA2","0012000000jq9w9","400","a0l20000001FdNf","Item Created"
"a3Lw00000000XOVEA2","0012000000jq9w9","20","a0l20000001FdNk","Item Created"
"a3Lw00000000XOWEA2","0012000000sTrLs","38","a0l200000060bgT","Item Created"
"a3Lw00000000XOXEA2","0012000000mew8m","3500","a0l20000001GHXI","Item Created"
"a3Lw00000000XOYEA2","0012000000mew8m","3500","a0l20000001GHXN","Item Created"
"a3Lw00000000XOZEA2","0012000000mew8m","110","a0l20000001GHXS","Item Created"
"a3Lw00000000XOaEAM","0012000000mew8m","1985","a0l20000003n66a","Item Created"
"a3Lw00000000XObEAM","0012000000mew8m","203","a0l20000003nmR3","Item Created"
"a3Lw00000000XOcEAM","0012000000mew8m","203","a0l20000003nmR8","Item Created"
"a3Lw00000000XOdEAM","0012000000ZmdLp","18678","a0l20000000C2tL","Item Created"
"a3Lw00000000XOeEAM","0012000000ZmdLp","1576","a0l20000000C387","Item Created"
"a3Lw00000000XOfEAM","0012000000ZmdLp","40","a0l20000001EDdp","Item Created"
"a3Lw00000000XOgEAM","0012000000ZmdLp","200","a0l20000001EDdu","Item Created"
"a3Lw00000000XOhEAM","0012000000ZmdLp","100","a0l20000001ElZ6","Item Created"
"a3Lw00000000XOiEAM","0012000000ZmdLp","27","a0l20000001FdEd","Item Created"
"a3Lw00000000XOjEAM","0012000000ZmdLp","15","a0l20000001Fn8h","Item Created"
"a3Lw00000000XOkEAM","0012000000bFLrH","1500","a0l20000000C1Ch","Item Created"
"a3Lw00000000XOlEAM","0012000000bFLrH","12.5","a0l20000001EbFI","Item Created"
"a3Lw00000000XOmEAM","0012000000bFLrH","921","a0l20000001FSmg","Item Created"
"a3Lw00000000XOnEAM","0012000000bFLrH","250","a0l20000001FZ6a","Item Created"
"a3Lw00000000XOoEAM","0012000000bFLrH","6","a0l20000001FdMS","Item Created"
"a3Lw00000000XOpEAM","0012000000bFLrH","500","a0l20000001FdbX","Item Created"
"a3Lw00000000XOqEAM","0012000000bFLrH","592","a0l20000001Ffri","Item Created"
"a3Lw00000000XOrEAM","0012000000bFLrH","361","a0l20000001FkIw","Item Created"
"a3Lw00000000XOsEAM","0012000000bFLrH","10","a0l20000001FlPP","Item Created"
"a3Lw00000000XOtEAM","0012000000bFLrH","20","a0l20000001GMrt","Item Created"
"a3Lw00000000XOuEAM","0012000000bFLrH","1613","a0l20000003ozT6","Item Created"
"a3Lw00000000XOvEAM","0012000000knpOu","30","a0l200000060bgm","Item Created"
"a3Lw00000000XOwEAM","0012000000hcrvc","25","a0l20000001FdMN","Item Created"
"a3Lw00000000XOxEAM","0012000000hcrvc","50","a0l20000001FqLl","Item Created"
"a3Lw00000000XOyEAM","0012000000hcrvc","4600","a0l200000060cUC","Item Created"
"a3Lw00000000XOzEAM","0012000000ha4l2","2076","a0l20000001FRoC","Item Created"
"a3Lw00000000XP0EAM","0012000000ha4l2","719.12","a0l20000001FsKC","Item Created"
"a3Lw00000000XP1EAM","0012000000ha4l2","321.71","a0l20000001GJ1g","Item Created"
"a3Lw00000000XP2EAM","0012000000ha4l2","2331","a0l20000003p1Ff","Item Created"
"a3Lw00000000XP3EAM","0012000000VGDcX","1750","a0l20000000U7P8","Item Created"
"a3Lw00000000XP4EAM","0012000000VGDcX","10000","a0l20000000U7PI","Item Created"
"a3Lw00000000XP5EAM","0012000000VGDcX","5000","a0l20000000U7PN","Item Created"
"a3Lw00000000XP6EAM","0012000000mgkY8","3243.6","a0l20000001GMFq","Item Created"
"a3Lw00000000XP7EAM","0012000000mgkY8","5499","a0l20000003ojHJ","Item Created"
"a3Lw00000000XP8EAM","0012000000mgkY8","90","a0l20000003pYSL","Item Created"
"a3Lw00000000XP9EAM","0012000000mgkY8","120","a0l20000003pYSQ","Item Created"
"a3Lw00000000XPAEA2","0012000000mgkY8","90","a0l20000003pYSV","Item Created"
"a3Lw00000000XPBEA2","0012000000mgkY8","90","a0l20000003ppGd","Item Created"
"a3Lw00000000XPCEA2","0012000000mgkY8","120","a0l20000003ppH2","Item Created"
"a3Lw00000000XPDEA2","0012000000mgkY8","90","a0l20000003ppHH","Item Created"
"a3Lw00000000XPEEA2","0012000000Uq23f","530","a0l20000001FbRB","Item Created"
"a3Lw00000000XPFEA2","0012000000Uq23f","1250","a0l20000001FdRh","Item Created"
"a3Lw00000000XPGEA2","0012000000Uq23f","943","a0l20000001G5Nn","Item Created"
"a3Lw00000000XPHEA2","0012000000Uq23f","1125","a0l20000001Gl7c","Item Created"
"a3Lw00000000XPIEA2","0012000000Uq23f","483","a0l20000003n66L","Item Created"
"a3Lw00000000XPJEA2","0012000000Uq23f","966","a0l20000003n66Q","Item Created"
"a3Lw00000000XPKEA2","0012000000Uq23f","275","a0l20000003qRev","Item Created"
"a3Lw00000000XPLEA2","0012000000eYrS0","1500","a0l20000001FSgX","Item Created"
"a3Lw00000000XPMEA2","0012000000eYrS0","447","a0l20000001FTA3","Item Created"
"a3Lw00000000XPNEA2","0012000000eYrS0","472","a0l20000001FdVF","Item Created"
"a3Lw00000000XPOEA2","0012000000s0n8d","2565","a0l200000060zRh","Item Created"
"a3Lw00000000XPPEA2","0012000000s0n8d","2565","a0l200000060zRm","Item Created"
"a3Lw00000000XPQEA2","0012000000sVyyG","8599","a0l200000060cVo","Item Created"
"a3Lw00000000XPREA2","0012000000sVyyG","97668","a0l200000060zdm","Item Created"
"a3Lw00000000XPSEA2","0012000000oDsy3","525","a0l20000003p1QD","Item Created"
"a3Lw00000000XPTEA2","0012000000WeYVN","50","a0l20000001FOjL","Item Created"
"a3Lw00000000XPUEA2","0012000000WeYVN","40","a0l20000001FkJ1","Item Created"
"a3Lw00000000XPVEA2","0012000000SENJb","148","a0l20000000Tper","Item Created"
"a3Lw00000000XPWEA2","0012000000SENJb","10","a0l20000003pwzg","Item Created"
"a3Lw00000000XPXEA2","0012000000SENJb","7.5","a0l20000003qLMc","Item Created"
"a3Lw00000000XPYEA2","0012000000SENJb","7.5","a0l20000003qLMh","Item Created"
"a3Lw00000000XPZEA2","0012000000SENJb","62.5","a0l20000006EH9P","Item Created"
"a3Lw00000000XPaEAM","0012000000SENJb","400","a0l20000006EH9e","Item Created"
"a3Lw00000000XPbEAM","0012000000mhtiz","59","a0l20000001GbLB","Item Created"
"a3Lw00000000XPcEAM","0012000000mhtiz","10","a0l20000001Gl8Q","Item Created"
"a3Lw00000000XPdEAM","0012000000mhtiz","12","a0l200000060rgF","Item Created"
"a3Lw00000000XPeEAM","0012000000mhtiz","19.45","a0l200000060rgK","Item Created"
"a3Lw00000000XPfEAM","0012000000mhtiz","25","a0l200000060rgP","Item Created"
"a3Lw00000000XPgEAM","0012000000mhtiz","2.5","a0l200000060rgU","Item Created"
"a3Lw00000000XPhEAM","0012000000mhtiz","19","a0l200000060rgZ","Item Created"
"a3Lw00000000XPiEAM","0012000000mhtiz","25.05","a0l200000060rge","Item Created"
"a3Lw00000000XPjEAM","0012000000mhtiz","7.75","a0l200000060rgj","Item Created"
"a3Lw00000000XPkEAM","0012000000SENJ5","500","a0l20000000TpdU","Item Created"
"a3Lw00000000XPlEAM","0012000000SENJ5","18000","a0l20000000TqRt","Item Created"
"a3Lw00000000XPmEAM","0012000000SENJ5","2730","a0l20000000VNqT","Item Created"
"a3Lw00000000XPnEAM","0012000000SENJ5","15000","a0l20000000B20C","Item Created"
"a3Lw00000000XPoEAM","0012000000SENJ5","10320","a0l20000000C0Ow","Item Created"
"a3Lw00000000XPpEAM","0012000000SENJ5","100","a0l20000000CMVT","Item Created"
"a3Lw00000000XPqEAM","0012000000SENJ5","100","a0l20000000CMVs","Item Created"
"a3Lw00000000XPrEAM","0012000000SENJ5","30","a0l20000003pSGk","Item Created"
"a3Lw00000000XPsEAM","0012000000SENJ5","25","a0l20000003pSGp","Item Created"
"a3Lw00000000XPtEAM","0012000000SENJ5","55","a0l20000003pwzq","Item Created"
"a3Lw00000000XPuEAM","0012000000SENJ5","60","a0l20000003pv9w","Item Created"
"a3Lw00000000XPvEAM","0012000000SENJ5","6831","a0l20000006107D","Item Created"
"a3Lw00000000XTAEA2","0012000000Vw6Z9","940","a0l20000000CYHq","Item Created"
"a3Lw00000000XTBEA2","0012000000bGogV","250","a0l20000001FK8O","Item Created"
"a3Lw00000000XTCEA2","0012000000bGogV","570","a0l20000001FMoX","Item Created"
"a3Lw00000000XTDEA2","0012000000nagNL","18","a0l200000060iCz","Item Created"
"a3Lw00000000XTEEA2","0012000000mg1JM","2056","a0l20000001GaHC","Item Created"
"a3Lw00000000XTFEA2","0012000000mg1JM","469.44","a0l20000001Gv9g","Item Created"
"a3Lw00000000XTGEA2","0012000000mg1JM","4894","a0l20000003pHeV","Item Created"
"a3Lw00000000XTHEA2","0012000000jbPdb","113","a0l20000001FdOJ","Item Created"
"a3Lw00000000XTIEA2","0012000000jbPdb","3058","a0l20000001Fpf6","Item Created"
"a3Lw00000000XTJEA2","0012000000u3ssu","1.25","a0l200000060rgt","Item Created"
"a3Lw00000000XTKEA2","0012000000vUDjI","11786","a0l200000060cV0","Item Created"
"a3Lw00000000XTLEA2","0012000000vUDjI","13389","a0l2000000610mj","Item Created"
"a3Lw00000000XTMEA2","0012000000kmlU3","286.8","a0l20000001FsJi","Item Created"
"a3Lw00000000XTNEA2","0012000000kmlU3","20","a0l20000001G5O2","Item Created"
"a3Lw00000000XTOEA2","0012000000kmlU3","12","a0l20000001Gl87","Item Created"
"a3Lw00000000XTPEA2","0012000000vUeke","0.5","a0l200000060rgy","Item Created"
"a3Lw00000000XTQEA2","0012000000vUeke","0.5","a0l200000060rh3","Item Created"
"a3Lw00000000XTREA2","0012000000vUeke","0.5","a0l200000060rh8","Item Created"
"a3Lw00000000XTSEA2","0012000000vUeke","1","a0l200000060rhD","Item Created"
"a3Lw00000000XTTEA2","0012000000vUeke","0.5","a0l200000060rhI","Item Created"
"a3Lw00000000XTUEA2","0012000000vUeke","18.75","a0l200000060rhN","Item Created"
"a3Lw00000000XTVEA2","0012000000vUeke","1","a0l200000060rhS","Item Created"
"a3Lw00000000XTWEA2","0012000000vUeke","0.75","a0l200000060rhX","Item Created"
"a3Lw00000000XTXEA2","0012000000vUeke","0.75","a0l200000060rhc","Item Created"
"a3Lw00000000XTYEA2","0012000000sUOjF","37809","a0l200000060xZf","Item Created"
"a3Lw00000000XTZEA2","0012000000jqAnX","891.2","a0l20000001Fpf1","Item Created"
"a3Lw00000000XTaEAM","0012000000jqAnX","888","a0l20000001FsW0","Item Created"
"a3Lw00000000XTbEAM","0012000000jqAnX","769.55","a0l20000001G5Nd","Item Created"
"a3Lw00000000XTcEAM","0012000000jqAnX","999","a0l20000005Sc2b","Item Created"
"a3Lw00000000XTdEAM","0012000000jqAnX","950","a0l20000005Sc2g","Item Created"
"a3Lw00000000XTeEAM","0012000000fpyfu","25","a0l20000001FK8E","Item Created"
"a3Lw00000000XTfEAM","0012000000fpyfu","25","a0l20000001FSJ5","Item Created"
"a3Lw00000000XTgEAM","0012000000hbyDI","500","a0l20000003pSE5","Item Created"
"a3Lw00000000XThEAM","0012000000WgEuW","5386","a0l20000000VPSO","Item Created"
"a3Lw00000000XTiEAM","0012000000u2zec","75","a0l20000005TJR2","Item Created"
"a3Lw00000000XTjEAM","0012000000u2zec","75","a0l20000005TJRC","Item Created"
"a3Lw00000000XTkEAM","0012000000YYSsx","2000","a0l20000000CGfG","Item Created"
"a3Lw00000000XTlEAM","0012000000YYSsx","3000","a0l20000001FIB7","Item Created"
"a3Lw00000000XTmEAM","0012000000YYSsx","50","a0l20000001FXcV","Item Created"
"a3Lw00000000XTnEAM","0012000000YYSsx","13978","a0l20000001Fbzi","Item Created"
"a3Lw00000000XToEAM","0012000000YYSsx","2900","a0l20000003n645","Item Created"
"a3Lw00000000XTpEAM","0012000000YYSsx","11","a0l20000003qCSd","Item Created"
"a3Lw00000000XTqEAM","0012000000YYSsx","3.3","a0l20000003qCSi","Item Created"
"a3Lw00000000XTrEAM","0012000000YYSsx","3.3","a0l20000003qCSn","Item Created"
"a3Lw00000000XTsEAM","0012000000YYSsx","16.5","a0l20000003qCSs","Item Created"
"a3Lw00000000XTtEAM","0012000000YYSsx","8402","a0l20000006106y","Item Created"
"a3Lw00000000XTuEAM","0012000000YYSsx","2578","a0l2000000610kd","Item Created"
"a3Lw00000000XTvEAM","0012000000iFjtA","312.4","a0l20000001G2Uc","Item Created"
"a3Lw00000000XTwEAM","0012000000iFjtA","150","a0l20000001G8G7","Item Created"
"a3Lw00000000XTxEAM","0012000000tPpuC","5","a0l200000060riB","Item Created"
"a3Lw00000000XTyEAM","0012000000tPpuC","10","a0l200000060riG","Item Created"
"a3Lw00000000XTzEAM","0012000000tPpuC","10","a0l200000060riL","Item Created"
"a3Lw00000000XU0EAM","0012000000tPpuC","5","a0l200000060riQ","Item Created"
"a3Lw00000000XU1EAM","0012000000tPpuC","5","a0l200000060riV","Item Created"
"a3Lw00000000XU2EAM","0012000000tPpuC","7.5","a0l200000060rik","Item Created"
"a3Lw00000000XU3EAM","0012000000tPpuC","2","a0l200000060rip","Item Created"
"a3Lw00000000XU4EAM","0012000000tPpuC","1","a0l200000060riu","Item Created"
"a3Lw00000000XU5EAM","0012000000tPpuC","1","a0l200000060riz","Item Created"
"a3Lw00000000XU6EAM","0012000000tPpuC","2","a0l200000060rj4","Item Created"
"a3Lw00000000XU7EAM","0012000000tPpuC","1.5","a0l200000060rj9","Item Created"
"a3Lw00000000XU8EAM","0012000000tPpuC","1","a0l200000060rjE","Item Created"
"a3Lw00000000XU9EAM","0012000000ZUEeh","100","a0l20000003pSDr","Item Created"
"a3Lw00000000XUAEA2","0012000000fqUbw","15.5","a0l200000060wa6","Item Created"
"a3Lw00000000XUBEA2","0012000000fqUbw","31.25","a0l200000060waB","Item Created"
"a3Lw00000000XUCEA2","0012000000fqUbw","15.75","a0l200000060waG","Item Created"
"a3Lw00000000XUDEA2","0012000000qAg9E","886","a0l200000060zRD","Item Created"
"a3Lw00000000XUEEA2","0012000000pq5zX","1823","a0l2000000610nl","Item Created"
"a3Lw00000000XUFEA2","0012000000SeqiP","127","a0l20000001FwUk","Item Created"
"a3Lw00000000XUGEA2","0012000000SeqiP","134","a0l20000001GEce","Item Created"
"a3Lw00000000XUHEA2","0012000000SeqiP","12.5","a0l200000060rjO","Item Created"
"a3Lw00000000XUIEA2","0012000000SeqiP","12.5","a0l200000060rjT","Item Created"
"a3Lw00000000XUJEA2","0012000000pbr4M","9.5","a0l200000060rji","Item Created"
"a3Lw00000000XUKEA2","0012000000Seqhy","350","a0l20000005TJRb","Item Created"
"a3Lw00000000XULEA2","0012000000q8J1o","60000","a0l20000003ndxJ","Item Created"
"a3Lw00000000XUMEA2","0012000000q8J1o","200000","a0l20000003ndxK","Item Created"
"a3Lw00000000XUNEA2","0012000000q8J1o","60000","a0l20000003ndxT","Item Created"
"a3Lw00000000XUOEA2","0012000000q8J1o","200000","a0l20000003ndxU","Item Created"
"a3Lw00000000XUPEA2","0012000000eXjrL","250","a0l20000001FUX8","Item Created"
"a3Lw00000000XUQEA2","0012000000nZmYE","12.5","a0l200000060wXg","Item Created"
"a3Lw00000000XUREA2","0012000000nZmYE","10","a0l200000060wXl","Item Created"
"a3Lw00000000XUSEA2","0012000000nZmYE","12.5","a0l200000060wXq","Item Created"
"a3Lw00000000XUTEA2","0012000000nZmYE","15","a0l200000060wXv","Item Created"
"a3Lw00000000XUUEA2","0012000000nZmYE","25","a0l200000060wY0","Item Created"
"a3Lw00000000XUVEA2","0012000000nZmYE","25","a0l200000060wXr","Item Created"
"a3Lw00000000XUWEA2","0012000000nZmYE","25","a0l200000060wY5","Item Created"
"a3Lw00000000XUXEA2","0012000000u2kaR","20.5","a0l20000005TJiS","Item Created"
"a3Lw00000000XUYEA2","0012000000u2kaR","38","a0l20000005TJg3","Item Created"
"a3Lw00000000XUZEA2","0012000000u2kaR","142.5","a0l20000005TJic","Item Created"
"a3Lw00000000XUaEAM","0012000000u2kaR","1.93","a0l20000005TJay","Item Created"
"a3Lw00000000XUbEAM","0012000000u2kaR","118.5","a0l20000005TJj1","Item Created"
"a3Lw00000000XUcEAM","0012000000u2kaR","25","a0l20000005TdOv","Item Created"
"a3Lw00000000XUdEAM","0012000000u2kaR","1.25","a0l20000005TdP0","Item Created"
"a3Lw00000000XUeEAM","0012000000u2kaR","25","a0l20000006E2FR","Item Created"
"a3Lw00000000XUfEAM","0012000000u2kaR","1.25","a0l20000006E2FW","Item Created"
"a3Lw00000000XUgEAM","0012000000u2kaR","4390","a0l20000006G8XC","Item Created"
"a3Lw00000000XUhEAM","0012000000pc6fQ","1753","a0l20000001GkJ1","Item Created"
"a3Lw00000000XUiEAM","0012000000pc6fQ","33","a0l20000003nwvB","Item Created"
"a3Lw00000000XUjEAM","0012000000pc6fQ","12.5","a0l20000003nwvG","Item Created"
"a3Lw00000000XUkEAM","0012000000pc6fQ","21.5","a0l20000003nwvL","Item Created"
"a3Lw00000000XUlEAM","0012000000pc6fQ","21","a0l20000003nwvQ","Item Created"
"a3Lw00000000XUmEAM","0012000000pc6fQ","9.5","a0l20000003nwvR","Item Created"
"a3Lw00000000XUnEAM","0012000000pc6fQ","12.5","a0l20000003nwva","Item Created"
"a3Lw00000000XUoEAM","0012000000pc6fQ","27.3","a0l20000003nwvf","Item Created"
"a3Lw00000000XUpEAM","0012000000pc6fQ","2777","a0l20000003p3BJ","Item Created"
"a3Lw00000000XUqEAM","0012000000pc6fQ","26.5","a0l20000003qg6E","Item Created"
"a3Lw00000000XUrEAM","0012000000pc6fQ","33.5","a0l20000003qg6J","Item Created"
"a3Lw00000000XUsEAM","0012000000pc6fQ","45","a0l20000003aUqu","Item Created"
"a3Lw00000000XUtEAM","0012000000pc6fQ","0.5","a0l200000060s4C","Item Created"
"a3Lw00000000XUuEAM","0012000000pc6fQ","1.48","a0l200000060s50","Item Created"
"a3Lw00000000XUvEAM","0012000000pc6fQ","0.25","a0l200000060s55","Item Created"
"a3Lw00000000XUwEAM","0012000000pc6fQ","1.3","a0l200000060s5A","Item Created"
"a3Lw00000000XUxEAM","0012000000aAFRR","12.5","a0l20000003n0IG","Item Created"
"a3Lw00000000XUyEAM","0012000000Zn3uE","1354","a0l200000060zRX","Item Created"
"a3Lw00000000XUzEAM","0012000000rH21Z","22.5","a0l20000003qnUR","Item Created"
"a3Lw00000000XV0EAM","0012000000rH21Z","12","a0l20000003qnUW","Item Created"
"a3Lw00000000XV1EAM","0012000000rH21Z","45","a0l20000003quL3","Item Created"
"a3Lw00000000XV2EAM","0012000000SENJI","8915","a0l20000000TuiF","Item Created"
"a3Lw00000000XV3EAM","0012000000SENJI","3500","a0l20000000TvEk","Item Created"
"a3Lw00000000XV4EAM","0012000000SENJI","90000","a0l20000000U1A9","Item Created"
"a3Lw00000000XV5EAM","0012000000SENJI","12000","a0l20000000U8Bn","Item Created"
"a3Lw00000000XV6EAM","0012000000SENJI","30000","a0l20000000ArGY","Item Created"
"a3Lw00000000XV7EAM","0012000000SENJI","1500","a0l20000000B1zs","Item Created"
"a3Lw00000000XV8EAM","0012000000SENJI","24000","a0l20000001FSbN","Item Created"
"a3Lw00000000XV9EAM","0012000000SENJI","525","a0l20000001FdGU","Item Created"
"a3Lw00000000XVAEA2","0012000000SENJI","25","a0l20000001FdUH","Item Created"
"a3Lw00000000XVBEA2","0012000000SENJI","4500","a0l20000001GOwQ","Item Created"
"a3Lw00000000XVCEA2","0012000000eXjVt","28.2","a0l20000006EEVy","Item Created"
"a3Lw00000000XVDEA2","0012000000eXjVt","115","a0l20000006EEWI","Item Created"
"a3Lw00000000XVEEA2","0012000000eXjVt","73.8","a0l20000006EEWS","Item Created"
"a3Lw00000000XVFEA2","0012000000eXjVt","35.5","a0l20000006EEVz","Item Created"
"a3Lw00000000XVGEA2","0012000000eXjVt","105","a0l20000006EEWX","Item Created"
"a3Lw00000000XVHEA2","0012000000eXjVt","13.5","a0l20000006EEWh","Item Created"
"a3Lw00000000XVIEA2","0012000000eXjVt","44.7","a0l20000006EEWr","Item Created"
"a3Lw00000000XVJEA2","0012000000XxQTH","10","a0l20000001FwUp","Item Created"
"a3Lw00000000XVKEA2","0012000000XxQTH","2.5","a0l20000001G2VB","Item Created"
"a3Lw00000000XVLEA2","0012000000XxQTH","5","a0l20000001GI8Y","Item Created"
"a3Lw00000000XVMEA2","0012000000XxQTH","30","a0l20000001GSl2","Item Created"
"a3Lw00000000XVNEA2","0012000000cWKcJ","50","a0l20000001EW5J","Item Created"
"a3Lw00000000XVOEA2","0012000000cWKcJ","5","a0l20000001FWi0","Item Created"
"a3Lw00000000XVPEA2","0012000000cWKcJ","12","a0l20000001Fblt","Item Created"
"a3Lw00000000XVQEA2","0012000000cWKcJ","5","a0l20000001FdUq","Item Created"
"a3Lw00000000XVREA2","0012000000cWKcJ","5","a0l20000001GEcj","Item Created"
"a3Lw00000000XVSEA2","0012000000cWKcJ","1.25","a0l200000060s5F","Item Created"
"a3Lw00000000XVTEA2","0012000000SENJh","500","a0l20000000Tpeh","Item Created"
"a3Lw00000000XVUEA2","0012000000SENJh","16330","a0l20000000Tpem","Item Created"
"a3Lw00000000XVVEA2","0012000000SENJh","1750","a0l20000000U76N","Item Created"
"a3Lw00000000XVWEA2","0012000000SENJh","500","a0l20000001EDdz","Item Created"
"a3Lw00000000XVXEA2","0012000000SENJh","25","a0l20000001FcEk","Item Created"
"a3Lw00000000XVYEA2","0012000000SENJh","25","a0l20000001FdUM","Item Created"
"a3Lw00000000XVZEA2","0012000000tBAZm","4309","a0l20000006EJRe","Item Created"
"a3Lw00000000XVaEAM","0012000000SeZys","10000","a0l20000000TzNa","Item Created"
"a3Lw00000000XVbEAM","0012000000tPMxN","25","a0l200000060iGX","Item Created"
"a3Lw00000000XVcEAM","0012000000tPMxN","50","a0l200000060iGh","Item Created"
"a3Lw00000000XVdEAM","0012000000tPMxN","50","a0l200000060iGm","Item Created"
"a3Lw00000000XVeEAM","0012000000orQNQ","1000","a0l200000060y3T","Item Created"
"a3Lw00000000XVfEAM","0012000000orQNQ","1513","a0l200000060y4g","Item Created"
"a3Lw00000000XVgEAM","0012000000klo4D","22","a0l20000001G5OS","Item Created"
"a3Lw00000000XVhEAM","0012000000tO5hf","4730","a0l200000060cUl","Item Created"
"a3Lw00000000XViEAM","0012000000tO5hf","1100","a0l200000060yxB","Item Created"
"a3Lw00000000XVjEAM","0012000000tO5hf","805","a0l200000060zRN","Item Created"
"a3Lw00000000XVkEAM","0012000000tO5hf","562","a0l200000060zRS","Item Created"
"a3Lw00000000XVlEAM","0012000000tO5hf","5373","a0l2000000610mK","Item Created"
"a3Lw00000000XVmEAM","0012000000sUxPo","4590","a0l20000006E2JT","Item Created"
"a3Lw00000000XVnEAM","0012000000tNNLm","15","a0l20000005TRUd","Item Created"
"a3Lw00000000XVoEAM","0012000000tNNLm","9.6","a0l20000006EJWF","Item Created"
"a3Lw00000000XVpEAM","0012000000tNNLm","7","a0l20000006EJWK","Item Created"
"a3Lw00000000XVqEAM","0012000000tNNLm","3","a0l20000006EJVw","Item Created"
"a3Lw00000000XVrEAM","0012000000tNNLm","2480","a0l20000006G8SM","Item Created"
"a3Lw00000000XVsEAM","0012000000tNNLm","3307","a0l20000006GjPf","Item Created"
"a3Lw00000000XVtEAM","0012000000tNNLm","10.5","a0l200000060s5K","Item Created"
"a3Lw00000000XVuEAM","0012000000tNNLm","6","a0l200000060s5P","Item Created"
"a3Lw00000000XVvEAM","0012000000tNNLm","12","a0l200000060s63","Item Created"
"a3Lw00000000XVwEAM","0012000000tNNLm","1.5","a0l200000060s68","Item Created"
"a3Lw00000000XVxEAM","0012000000tNNLm","0.5","a0l200000060s6D","Item Created"
"a3Lw00000000XVyEAM","0012000000tNNLm","1.5","a0l200000060s6I","Item Created"
"a3Lw00000000XVzEAM","0012000000tNNLm","3","a0l200000060s6N","Item Created"
"a3Lw00000000XW0EAM","0012000000tNNLm","2.6","a0l200000060s6E","Item Created"
"a3Lw00000000XW1EAM","0012000000tNNLm","25","a0l200000060ws0","Item Created"
"a3Lw00000000XW2EAM","0012000000tNNLm","15","a0l200000060ws5","Item Created"
"a3Lw00000000XW3EAM","0012000000tNNLm","5","a0l200000060wrr","Item Created"
"a3Lw00000000XW4EAM","0012000000tNNLm","30","a0l200000060wsA","Item Created"
"a3Lw00000000XW5EAM","0012000000tNNLm","3307","a0l2000000610nR","Item Created"
"a3Lw00000000XW6EAM","0012000000bGJaP","256","a0l20000001FFd1","Item Created"
"a3Lw00000000XW7EAM","0012000000bGJaP","2823.68","a0l20000001Gv9v","Item Created"
"a3Lw00000000XW8EAM","0012000000pbr47","11.85","a0l200000060sE3","Item Created"
"a3Lw00000000XW9EAM","0012000000pbr47","14.25","a0l200000060sED","Item Created"
"a3Lw00000000XWAEA2","0012000000pbr47","142.5","a0l200000060wsj","Item Created"
"a3Lw00000000XWBEA2","0012000000pbr47","118.5","a0l200000060wst","Item Created"
"a3Lw00000000XWCEA2","0012000000ZAkga","11500","a0l20000000VUg8","Item Created"
"a3Lw00000000XWDEA2","0012000000ZAkga","4000","a0l20000000VXCk","Item Created"
"a3Lw00000000XWEEA2","0012000000ZAkga","16000","a0l20000000AnjR","Item Created"
"a3Lw00000000XWFEA2","0012000000ZAkga","3000","a0l20000000B1zj","Item Created"
"a3Lw00000000XWGEA2","0012000000ZAkga","4200","a0l20000000C0Jh","Item Created"
"a3Lw00000000XWHEA2","0012000000ZAkga","500","a0l20000000CCmS","Item Created"
"a3Lw00000000XWIEA2","0012000000ZAkga","948","a0l20000000CNZv","Item Created"
"a3Lw00000000XWJEA2","0012000000ZAkga","15000","a0l20000001EB2X","Item Created"
"a3Lw00000000XWKEA2","0012000000ZAkga","4000","a0l20000001ElTw","Item Created"
"a3Lw00000000XWLEA2","0012000000ZAkga","150","a0l20000001ElUf","Item Created"
"a3Lw00000000XWMEA2","0012000000ZAkga","315","a0l20000001ErhC","Item Created"
"a3Lw00000000XWNEA2","0012000000ZAkga","50","a0l20000001Fbz7","Item Created"
"a3Lw00000000XWOEA2","0012000000ZAkga","75","a0l20000001FcIM","Item Created"
"a3Lw00000000XWPEA2","0012000000ZAkga","5","a0l20000001Fn8r","Item Created"
"a3Lw00000000XWQEA2","0012000000ZAkga","250","a0l20000003nwyZ","Item Created"
"a3Lw00000000XWREA2","0012000000ZAkga","500","a0l20000003nwye","Item Created"
"a3Lw00000000XWSEA2","0012000000ZAkga","100","a0l20000003pSGQ","Item Created"
"a3Lw00000000XWTEA2","0012000000ZAkga","25","a0l20000003qLT4","Item Created"
"a3Lw00000000XWUEA2","0012000000ZAkga","37.5","a0l20000003qLT9","Item Created"
"a3Lw00000000XWVEA2","0012000000ZAkga","37.5","a0l20000003qLTE","Item Created"
"a3Lw00000000XWWEA2","0012000000ZAkga","25","a0l20000003qLTJ","Item Created"
"a3Lw00000000XWXEA2","0012000000ZAkga","25","a0l20000003qLTO","Item Created"
"a3Lw00000000XWYEA2","0012000000ptZqQ","45","a0l20000003quLc","Item Created"
"a3Lw00000000XWZEA2","0012000000ptZqQ","15","a0l20000003quM1","Item Created"
"a3Lw00000000XWaEAM","0012000000ptZqQ","30","a0l20000003quMB","Item Created"
"a3Lw00000000XWbEAM","0012000000ptZqQ","30","a0l20000003quML","Item Created"
"a3Lw00000000XWcEAM","0012000000ptZqQ","9","a0l20000003quL9","Item Created"
"a3Lw00000000XWdEAM","0012000000ptZqQ","9","a0l20000003quLx","Item Created"
"a3Lw00000000XWeEAM","0012000000ptZqQ","1.5","a0l200000060sEI","Item Created"
"a3Lw00000000XWfEAM","0012000000ptZqQ","1","a0l200000060sES","Item Created"
"a3Lw00000000XWgEAM","0012000000ptZqQ","1","a0l200000060sEc","Item Created"
"a3Lw00000000XWhEAM","0012000000ptZqQ","1","a0l200000060sEh","Item Created"
"a3Lw00000000XWiEAM","0012000000ptZqQ","2","a0l200000060sEm","Item Created"
"a3Lw00000000XWjEAM","0012000000ptZqQ","2","a0l200000060sEw","Item Created"
"a3Lw00000000XWkEAM","0012000000s2TMs","24.5","a0l20000003quMV","Item Created"
"a3Lw00000000XWlEAM","0012000000s2TMs","4.8","a0l20000003quMf","Item Created"
"a3Lw00000000XWmEAM","0012000000s2TMs","9","a0l20000005TRUn","Item Created"
"a3Lw00000000XWnEAM","0012000000s2TMs","12.3","a0l20000005TRUs","Item Created"
"a3Lw00000000XWoEAM","0012000000s2TMs","22.5","a0l20000006EHBB","Item Created"
"a3Lw00000000XWpEAM","0012000000s2TMs","10","a0l20000006EHBG","Item Created"
"a3Lw00000000XWqEAM","0012000000s2TMs","13.5","a0l20000006EHBL","Item Created"
"a3Lw00000000XWrEAM","0012000000jsBLF","1392","a0l20000005SI80","Item Created"
"a3Lw00000000XWsEAM","0012000000jsBLF","1197","a0l20000005SZuE","Item Created"
"a3Lw00000000XWtEAM","0012000000jsBLF","125","a0l20000005TJTI","Item Created"
"a3Lw00000000XWuEAM","0012000000jsBLF","125","a0l20000005TJTN","Item Created"
"a3Lw00000000XWvEAM","0012000000jsBLF","4.75","a0l20000005TJT4","Item Created"
"a3Lw00000000XWwEAM","0012000000jsBLF","142.5","a0l20000005TJTm","Item Created"
"a3Lw00000000XWxEAM","0012000000jsBLF","118.5","a0l20000005TJU1","Item Created"
"a3Lw00000000XWyEAM","0012000000jsBLF","119","a0l20000005TJU6","Item Created"
"a3Lw00000000XWzEAM","0012000000jsBLF","116.5","a0l20000005TJUG","Item Created"
"a3Lw00000000XX0EAM","0012000000jsBLF","5.75","a0l20000005TJUV","Item Created"
"a3Lw00000000XX1EAM","0012000000jsBLF","140.5","a0l20000005TJUf","Item Created"
"a3Lw00000000XX2EAM","0012000000jsBLF","122.5","a0l20000005TJUp","Item Created"
"a3Lw00000000XX3EAM","0012000000jsBLF","1077","a0l20000006EJUi","Item Created"
"a3Lw00000000XX4EAM","0012000000jsBLF","1.93","a0l20000006EJWe","Item Created"
"a3Lw00000000XX5EAM","0012000000jsBLF","115","a0l200000060iGw","Item Created"
"a3Lw00000000XX6EAM","0012000000jsBLF","39","a0l200000060iH1","Item Created"
"a3Lw00000000XX7EAM","0012000000jsBLF","123","a0l200000060iHB","Item Created"
"a3Lw00000000XX8EAM","0012000000jsBLF","141","a0l200000060iHG","Item Created"
"a3Lw00000000XX9EAM","0012000000jsBLF","143","a0l200000060iHa","Item Created"
"a3Lw00000000XXAEA2","0012000000jsBLF","119","a0l200000060iHf","Item Created"
"a3Lw00000000XXBEA2","0012000000jsBLF","95","a0l200000060iHk","Item Created"
"a3Lw00000000XXCEA2","0012000000jsBLF","3.85","a0l200000060sFV","Item Created"
"a3Lw00000000XXDEA2","0012000000jsBLF","11.5","a0l200000060sFf","Item Created"
"a3Lw00000000XXEEA2","0012000000jsBLF","12.25","a0l200000060sFp","Item Created"
"a3Lw00000000XXFEA2","0012000000jsBLF","14.05","a0l200000060sFz","Item Created"
"a3Lw00000000XXGEA2","0012000000jsBLF","38.5","a0l200000060wsF","Item Created"
"a3Lw00000000XXHEA2","0012000000jsBLF","122.5","a0l200000060wsK","Item Created"
"a3Lw00000000XXIEA2","0012000000jsBLF","115","a0l200000060wsU","Item Created"
"a3Lw00000000XXJEA2","0012000000jsBLF","140.5","a0l200000060wsZ","Item Created"
"a3Lw00000000XXKEA2","0012000000sVK6W","7.5","a0l20000005R2ty","Item Created"
