"ID","REVENUE BOOKED","ENTITY ID","EXECUTION TRACKER: ID","STATUS"
"a3Lw00000000XzdEAE","52.5","0012000000sU0G0","a0l20000005QLuU","Item Created"
"a3Lw00000000XzeEAE","3500","0012000000qP2uz","a0l20000005QM3l","Item Created"
"a3Lw00000000XzfEAE","1400","0012000000qP2uz","a0l20000005QM2E","Item Created"
"a3Lw00000000XzgEAE","1050","0012000000qP2uz","a0l20000005QM2O","Item Created"
"a3Lw00000000XzhEAE","1400","0012000000qP2uz","a0l20000005QM24","Item Created"
"a3Lw00000000XziEAE","6.25","0012000000or7Zk","a0l20000003nocX","Item Created"
"a3Lw00000000XzjEAE","16.25","0012000000or7Zk","a0l20000003nocI","Item Created"
"a3Lw00000000XwPEAU","38.5","0012000000qQ3A5","a0l20000003noaW","Item Created"
"a3Lw00000000XwQEAU","106.25","0012000000qOj27","a0l20000003noWy","Item Created"
"a3Lw00000000XwREAU","15","0012000000or7Zk","a0l20000003noc8","Item Created"
"a3Lw00000000XwSEAU","50","0012000000qOj27","a0l20000003noWt","Item Created"
"a3Lw00000000XwTEAU","106.25","0012000000qOj27","a0l20000003noWo","Item Created"
"a3Lw00000000XwUEAU","14","0012000000nagQs","a0l20000003nwyB","Item Created"
"a3Lw00000000XwVEAU","12.5","0012000000nagQs","a0l20000003nx0u","Item Created"
"a3Lw00000000XwWEAU","15","0012000000oEMHy","a0l20000003nx0B","Item Created"
"a3Lw00000000XwXEAU","17.5","0012000000nagQs","a0l20000003nx0p","Item Created"
"a3Lw00000000XwYEAU","30","0012000000oEMHy","a0l20000003nx06","Item Created"
"a3Lw00000000XwZEAU","10.5","0012000000nagQs","a0l20000003nx0k","Item Created"
"a3Lw00000000XwaEAE","25","0012000000na2Xd","a0l20000003pSHJ","Item Created"
"a3Lw00000000XwbEAE","87.5","0012000000mgVdI","a0l20000003pSLv","Item Created"
"a3Lw00000000XwcEAE","62.5","0012000000na2Xd","a0l20000003pSHO","Item Created"
"a3Lw00000000XwdEAE","25","0012000000mgVdI","a0l20000003pSMT","Item Created"
"a3Lw00000000XweEAE","25","0012000000kn2vy","a0l20000003pSGz","Item Created"
"a3Lw00000000XwfEAE","93.75","0012000000kn2vy","a0l20000003pSGG","Item Created"
"a3Lw00000000XwgEAE","147.5","0012000000pr3np","a0l20000003pSNR","Item Created"
"a3Lw00000000XwhEAE","35","0012000000mgVdI","a0l20000003pSLz","Item Created"
"a3Lw00000000XwiEAE","250","0012000000pr3np","a0l20000003pSN7","Item Created"
"a3Lw00000000XwjEAE","28","0012000000oqO03","a0l20000003pSFc","Item Created"
"a3Lw00000000XwkEAE","37.5","0012000000pr3np","a0l20000003pSMn","Item Created"
"a3Lw00000000XwlEAE","25","0012000000mgVdI","a0l20000003pSMi","Item Created"
"a3Lw00000000XwmEAE","108.5","0012000000pr3np","a0l20000003pSMs","Item Created"
"a3Lw00000000XwnEAE","8.05","0012000000oqO03","a0l20000003pSFh","Item Created"
"a3Lw00000000XwoEAE","52.5","0012000000mgVdI","a0l20000003pSM9","Item Created"
"a3Lw00000000XwpEAE","25","0012000000mgVdI","a0l20000003pSMY","Item Created"
"a3Lw00000000XwqEAE","20.65","0012000000opBEO","a0l20000003pSFD","Item Created"
"a3Lw00000000XwrEAE","60","0012000000opBEO","a0l20000003pSF8","Item Created"
"a3Lw00000000XwsEAE","313.75","0012000000pr3np","a0l20000003pSNW","Item Created"
"a3Lw00000000XwtEAE","25","0012000000mgVdI","a0l20000003pSM4","Item Created"
"a3Lw00000000XwuEAE","57.5","0012000000oqO03","a0l20000003pSFr","Item Created"
"a3Lw00000000XwvEAE","25","0012000000mgVdI","a0l20000003pSMd","Item Created"
"a3Lw00000000XwwEAE","6.25","0012000000pr3np","a0l20000003pSNM","Item Created"
"a3Lw00000000XwxEAE","85","0012000000oqO03","a0l20000003pSFS","Item Created"
"a3Lw00000000XwyEAE","31.25","0012000000mgVdI","a0l20000003pSME","Item Created"
"a3Lw00000000XwzEAE","31.25","0012000000kn2vy","a0l20000003pSH4","Item Created"
"a3Lw00000000Xx0EAE","100","0012000000na2Xd","a0l20000003pSHY","Item Created"
"a3Lw00000000Xx1EAE","93.75","0012000000kn2vy","a0l20000003pSGB","Item Created"
"a3Lw00000000Xx2EAE","6.3","0012000000pr3np","a0l20000003pSMx","Item Created"
"a3Lw00000000Xx3EAE","31.25","0012000000eZvZh","a0l20000003pwyE","Item Created"
"a3Lw00000000Xx4EAE","37.5","0012000000knTgm","a0l20000003px0Z","Item Created"
"a3Lw00000000Xx5EAE","25","0012000000eZvZh","a0l20000003pwyJ","Item Created"
"a3Lw00000000Xx6EAE","7","0012000000eZvZh","a0l20000003pwyY","Item Created"
"a3Lw00000000Xx7EAE","6.65","0012000000qZXKh","a0l20000005RKet","Item Created"
"a3Lw00000000Xx8EAE","62.5","0012000000mhprB","a0l20000005SZw9","Item Created"
"a3Lw00000000Xx9EAE","62.5","0012000000mhprB","a0l20000005SZvz","Item Created"
"a3Lw00000000XxAEAU","37.5","0012000000mhprB","a0l20000005SZwE","Item Created"
"a3Lw00000000XxBEAU","52.5","0012000000pc6fQ","a0l20000003nwvQ","Item Created"
"a3Lw00000000XxCEAU","27.5","0012000000rIdhW","a0l20000003quKj","Item Created"
"a3Lw00000000XxDEAU","37.5","0012000000ptZqQ","a0l20000003quM1","Item Created"
"a3Lw00000000XxEEAU","75","0012000000ptZqQ","a0l20000003quMB","Item Created"
"a3Lw00000000XxFEAU","23.1","0012000000rIdhW","a0l20000003quKt","Item Created"
"a3Lw00000000XxGEAU","31.5","0012000000ptZqQ","a0l20000003quLc","Item Created"
"a3Lw00000000XxHEAU","5.6","0012000000s2TMs","a0l20000003quMf","Item Created"
"a3Lw00000000XxIEAU","75","0012000000ptZqQ","a0l20000003quML","Item Created"
"a3Lw00000000XxJEAU","10.5","0012000000ptZqQ","a0l20000003quL9","Item Created"
"a3Lw00000000XxKEAU","10.5","0012000000ptZqQ","a0l20000003quLx","Item Created"
"a3Lw00000000XxLEAU","65","0012000000pr3np","a0l20000003pSN2","Item Created"
"a3Lw00000000XxMEAU","41.25","0012000000opBEO","a0l20000003pSFI","Item Created"
"a3Lw00000000XxNEAU","13.3","0012000000oqO03","a0l20000003pSFX","Item Created"
"a3Lw00000000XxOEAU","18.75","0012000000pr3np","a0l20000003pSNH","Item Created"
"a3Lw00000000XxPEAU","382.5","0012000000pr3np","a0l20000003pSNb","Item Created"
"a3Lw00000000XxQEAU","14","0012000000na2Xd","a0l20000003pSHd","Item Created"
"a3Lw00000000XxREAU","25","0012000000opBEO","a0l20000003pSIv","Item Created"
"a3Lw00000000XxSEAU","62.5","0012000000na2Xd","a0l20000003pSDs","Item Created"
"a3Lw00000000XxTEAU","26.25","0012000000mgVdI","a0l20000003pSMO","Item Created"
"a3Lw00000000XxUEAU","16.25","0012000000opBEO","a0l20000003pSF3","Item Created"
"a3Lw00000000XxVEAU","7","0012000000kn2vy","a0l20000003pSGg","Item Created"
"a3Lw00000000XxWEAU","50","0012000000na2Xd","a0l20000003pSHT","Item Created"
"a3Lw00000000XxXEAU","5.25","0012000000qQ3A5","a0l20000003pSHi","Item Created"
"a3Lw00000000XxYEAU","35","0012000000mgVdI","a0l20000003pSLp","Item Created"
"a3Lw00000000XxZEAU","85","0012000000oqO03","a0l20000003pSFm","Item Created"
"a3Lw00000000XxaEAE","19.95","0012000000pr3np","a0l20000003pSNC","Item Created"
"a3Lw00000000XxbEAE","25","0012000000kn2vy","a0l20000003pSGL","Item Created"
"a3Lw00000000XxcEAE","7","0012000000mgVdI","a0l20000003pSMJ","Item Created"
"a3Lw00000000XxdEAE","31.25","0012000000kn2vy","a0l20000003pSH9","Item Created"
"a3Lw00000000XxeEAE","140","0012000000mgkY8","a0l20000003ppH2","Item Created"
"a3Lw00000000XxfEAE","105","0012000000mgkY8","a0l20000003ppHH","Item Created"
"a3Lw00000000XxgEAE","105","0012000000mgkY8","a0l20000003ppGd","Item Created"
"a3Lw00000000XxhEAE","30","0012000000mhprB","a0l20000005SZvg","Item Created"
"a3Lw00000000XxiEAE","31.25","0012000000pc6fQ","a0l20000003nwvG","Item Created"
"a3Lw00000000XxjEAE","53.75","0012000000pc6fQ","a0l20000003nwvL","Item Created"
"a3Lw00000000XxkEAE","38.5","0012000000pc6fQ","a0l20000003nwvB","Item Created"
"a3Lw00000000XxlEAE","12.25","0012000000rIdhW","a0l20000003quFf","Item Created"
"a3Lw00000000XxmEAE","1675.63","0012000000q8S4F","a0l20000003pDi3","Item Created"
"a3Lw00000000XxnEAE","1675.63","0012000000q8S4F","a0l20000003pDiD","Item Created"
"a3Lw00000000XxoEAE","1036.7","0012000000q8S4F","a0l20000003pDht","Item Created"
"a3Lw00000000XxpEAE","4.9","0012000000nXu0r","a0l20000003qRi7","Item Created"
"a3Lw00000000XxqEAE","7","0012000000oH8A3","a0l20000003qRjz","Item Created"
"a3Lw00000000XxrEAE","50","0012000000oH8A3","a0l20000003qRkO","Item Created"
"a3Lw00000000XxsEAE","6.25","0012000000oDszL","a0l20000003qRkX","Item Created"
"a3Lw00000000XxtEAE","22.5","0012000000nXu0r","a0l20000003qRiH","Item Created"
"a3Lw00000000XxuEAE","26.25","0012000000nXu0r","a0l20000003qRiC","Item Created"
"a3Lw00000000XxvEAE","21.25","0012000000nXu0r","a0l20000003qRiM","Item Created"
"a3Lw00000000XxwEAE","37.5","0012000000qZXKh","a0l20000005RKeo","Item Created"
"a3Lw00000000XxxEAE","87.5","0012000000miNK3","a0l20000003qLSQ","Item Created"
"a3Lw00000000XxyEAE","87.5","0012000000miNK3","a0l20000003qLSL","Item Created"
"a3Lw00000000XxzEAE","2.1","0012000000qZXKh","a0l20000005RKey","Item Created"
"a3Lw00000000Xy0EAE","358.75","0012000000tCEvW","a0l20000005SEKr","Item Created"
"a3Lw00000000Xy1EAE","240","0012000000tCEvW","a0l20000005SEHK","Item Created"
"a3Lw00000000Xy2EAE","16.25","0012000000or7Zk","a0l20000003nocD","Item Created"
"a3Lw00000000Xy3EAE","17.5","0012000000qOj27","a0l20000003noX3","Item Created"
"a3Lw00000000Xy4EAE","16.25","0012000000or7Zk","a0l20000003noby","Item Created"
"a3Lw00000000Xy5EAE","6.25","0012000000or7Zk","a0l20000003nobz","Item Created"
"a3Lw00000000Xy6EAE","10","0012000000or7Zk","a0l20000003nocN","Item Created"
"a3Lw00000000Xy7EAE","12.5","0012000000or7Zk","a0l20000003nocc","Item Created"
"a3Lw00000000Xy8EAE","15","0012000000or7Zk","a0l20000003nocS","Item Created"
"a3Lw00000000Xy9EAE","50","0012000000qQ3A5","a0l20000003noab","Item Created"
"a3Lw00000000XyAEAU","19.6","0012000000qOj27","a0l20000003noWk","Item Created"
"a3Lw00000000XyBEAU","15","0012000000or7Zk","a0l20000003noch","Item Created"
"a3Lw00000000XyCEAU","12.25","0012000000qQ3A5","a0l20000003noaC","Item Created"
"a3Lw00000000XyDEAU","21.25","0012000000or7Zk","a0l20000003nobj","Item Created"
"a3Lw00000000XyEEAU","101.25","0012000000tCEvW","a0l20000005SEKm","Item Created"
"a3Lw00000000XyFEAU","137.5","0012000000t9ano","a0l20000005SEEl","Item Created"
"a3Lw00000000XyGEAU","101.25","0012000000tCEvW","a0l20000005SEL1","Item Created"
"a3Lw00000000XyHEAU","95","0012000000mhprB","a0l20000005SZur","Item Created"
"a3Lw00000000XyIEAU","50","0012000000na0ha","a0l20000003qCUZ","Item Created"
"a3Lw00000000XyJEAU","3.5","0012000000qXn27","a0l20000003qCVh","Item Created"
"a3Lw00000000XyKEAU","37.5","0012000000rJ5Oe","a0l20000003qCUU","Item Created"
"a3Lw00000000XyLEAU","18.75","0012000000knTgm","a0l20000003qCUj","Item Created"
"a3Lw00000000XyMEAU","33.75","0012000000qXn27","a0l20000003qCVr","Item Created"
"a3Lw00000000XyNEAU","12.6","0012000000qXn27","a0l20000003qCTN","Item Created"
"a3Lw00000000XyOEAU","22.5","0012000000qXn27","a0l20000003qCVm","Item Created"
"a3Lw00000000XyPEAU","32.55","0012000000rJbc1","a0l20000005R2te","Item Created"
"a3Lw00000000XyQEAU","26.25","0012000000rJpEY","a0l20000005R2rT","Item Created"
"a3Lw00000000XyREAU","56.25","0012000000oGsHX","a0l20000005SEOA","Item Created"
"a3Lw00000000XySEAU","275","0012000000tCEvW","a0l20000005SELB","Item Created"
"a3Lw00000000XyTEAU","356.4","0012000000pr47X","a0l20000003p1Po","Item Created"
"a3Lw00000000XyUEAU","300","0012000000hbZob","a0l20000003pYUg","Item Created"
"a3Lw00000000XyVEAU","6.25","0012000000or7Zk","a0l20000003noc3","Item Created"
"a3Lw00000000XyWEAU","15","0012000000or7Zk","a0l20000003noc4","Item Created"
"a3Lw00000000XyXEAU","22.5","0012000000or7Zk","a0l20000003nobt","Item Created"
"a3Lw00000000XyYEAU","12.5","0012000000or7Zk","a0l20000003nobo","Item Created"
"a3Lw00000000XyZEAU","14","0012000000qQ3A5","a0l20000003noaR","Item Created"
"a3Lw00000000XyaEAE","840.8","0012000000nYLNq","a0l20000003oxQq","Item Created"
"a3Lw00000000XybEAE","97.5","0012000000qA6pN","a0l20000003pYPl","Item Created"
"a3Lw00000000XycEAE","3.5","0012000000qA6pN","a0l20000003pYPg","Item Created"
"a3Lw00000000XydEAE","66.25","0012000000qA6pN","a0l20000003pYPI","Item Created"
"a3Lw00000000XyeEAE","21","0012000000hbZob","a0l20000003pYUW","Item Created"
"a3Lw00000000XyfEAE","140","0012000000mgkY8","a0l20000003pYSQ","Item Created"
"a3Lw00000000XygEAE","105","0012000000mgkY8","a0l20000003pYSL","Item Created"
"a3Lw00000000XyhEAE","225","0012000000hbZob","a0l20000003pYUq","Item Created"
"a3Lw00000000XyiEAE","343.75","0012000000hbZob","a0l20000003pYUb","Item Created"
"a3Lw00000000XyjEAE","105","0012000000mgkY8","a0l20000003pYSV","Item Created"
"a3Lw00000000XykEAE","78.75","0012000000qA6pN","a0l20000003pYPv","Item Created"
"a3Lw00000000XylEAE","343.75","0012000000hbZob","a0l20000003pYUR","Item Created"
"a3Lw00000000XymEAE","7","0012000000hbZob","a0l20000003pYUS","Item Created"
"a3Lw00000000XynEAE","4.2","0012000000qA6pN","a0l20000003pYPC","Item Created"
"a3Lw00000000XyoEAE","228.75","0012000000hbZob","a0l20000003pYUl","Item Created"
"a3Lw00000000XypEAE","3.85","0012000000rJpEY","a0l20000005R2rJ","Item Created"
"a3Lw00000000XyqEAE","125","0012000000jqtVg","a0l20000001Gjou","Item Created"
"a3Lw00000000XyrEAE","70","0012000000jqtVg","a0l20000001Gjov","Item Created"
"a3Lw00000000XysEAE","227.5","0012000000qQ3A5","a0l20000003noaM","Item Created"
"a3Lw00000000XytEAE","61.25","0012000000s2TMs","a0l20000003quMV","Item Created"
"a3Lw00000000XyuEAE","23.1","0012000000rIdhW","a0l20000003quKo","Item Created"
"a3Lw00000000XyvEAE","14","0012000000rH21Z","a0l20000003qnUW","Item Created"
"a3Lw00000000XywEAE","10.5","0012000000knTgm","a0l20000006EPSc","Item Created"
"a3Lw00000000XyxEAE","37.5","0012000000knTgm","a0l20000006EPSX","Item Created"
"a3Lw00000000XyyEAE","26.25","0012000000rH21Z","a0l20000003qnUR","Item Created"
"a3Lw00000000XyzEAE","37.5","0012000000knTgm","a0l20000003px0j","Item Created"
"a3Lw00000000Xz0EAE","25","0012000000iFjUD","a0l20000003px0P","Item Created"
"a3Lw00000000Xz1EAE","8.75","0012000000oqNll","a0l20000003pwxG","Item Created"
"a3Lw00000000Xz2EAE","22.75","0012000000rJEOH","a0l20000003px18","Item Created"
"a3Lw00000000Xz3EAE","43.75","0012000000na0ha","a0l20000003px0F","Item Created"
"a3Lw00000000Xz4EAE","25","0012000000eZvZh","a0l20000003pwyO","Item Created"
"a3Lw00000000Xz5EAE","87.5","0012000000oqNll","a0l20000003pwxV","Item Created"
"a3Lw00000000Xz6EAE","56.25","0012000000knTgm","a0l20000003px0e","Item Created"
"a3Lw00000000Xz7EAE","1050","0012000000qP2uz","a0l20000005QM3R","Item Created"
"a3Lw00000000Xz8EAE","31.85","0012000000pc6fQ","a0l20000003nwvf","Item Created"
"a3Lw00000000Xz9EAE","23.75","0012000000pc6fQ","a0l20000003nwvR","Item Created"
"a3Lw00000000XzAEAU","31.25","0012000000pc6fQ","a0l20000003nwva","Item Created"
"a3Lw00000000XzBEAU","31.25","0012000000klRV5","a0l20000003pUG3","Item Created"
"a3Lw00000000XzCEAU","5.25","0012000000klRV5","a0l20000003pUBs","Item Created"
"a3Lw00000000XzDEAU","25","0012000000klRV5","a0l20000003pUG8","Item Created"
"a3Lw00000000XzEEAU","3.5","0012000000ptYGn","a0l20000003pUCQ","Item Created"
"a3Lw00000000XzFEAU","5.25","0012000000klRV5","a0l20000003pUFt","Item Created"
"a3Lw00000000XzGEAU","15","0012000000op37T","a0l20000003pUCu","Item Created"
"a3Lw00000000XzHEAU","3.5","0012000000op37T","a0l20000003pUCg","Item Created"
"a3Lw00000000XzIEAU","32.5","0012000000ptYGn","a0l20000003pUCG","Item Created"
"a3Lw00000000XzJEAU","7.35","0012000000ptYGn","a0l20000003pUCB","Item Created"
"a3Lw00000000XzKEAU","14","0012000000jqtVg","a0l20000003pUEg","Item Created"
"a3Lw00000000XzLEAU","15","0012000000op37T","a0l20000003pUCk","Item Created"
"a3Lw00000000XzMEAU","26.25","0012000000ptYGn","a0l20000003pUCL","Item Created"
"a3Lw00000000XzNEAU","37.5","0012000000klRV5","a0l20000003pUFy","Item Created"
"a3Lw00000000XzOEAU","33.75","0012000000ptYGn","a0l20000003pUCV","Item Created"
"a3Lw00000000XzPEAU","18.75","0012000000YWLi1","a0l20000003pUCa","Item Created"
"a3Lw00000000XzQEAU","17.85","0012000000oqNll","a0l20000003pwxL","Item Created"
"a3Lw00000000XzREAU","3.5","0012000000rJEOH","a0l20000003px1D","Item Created"
"a3Lw00000000XzSEAU","50","0012000000rJEOH","a0l20000003px13","Item Created"
"a3Lw00000000XzTEAU","25","0012000000na0ha","a0l20000003px0A","Item Created"
"a3Lw00000000XzUEAU","65","0012000000oqNll","a0l20000003pwxQ","Item Created"
"a3Lw00000000XzVEAU","72.5","0012000000oqNll","a0l20000003pwxa","Item Created"
"a3Lw00000000XzWEAU","26.25","0012000000na0ha","a0l20000003px05","Item Created"
"a3Lw00000000XzXEAU","3.5","0012000000eZvZh","a0l20000003pwyT","Item Created"
"a3Lw00000000XzYEAU","7","0012000000iFjUD","a0l20000003px0U","Item Created"
"a3Lw00000000XzZEAU","18.75","0012000000iFjUD","a0l20000003pwz8","Item Created"
"a3Lw00000000XzaEAE","19.25","0012000000na0ha","a0l20000003px0K","Item Created"
"a3Lw00000000XzbEAE","22.75","0012000000s2PY6","a0l20000003qRgf","Item Created"
"a3Lw00000000XzcEAE","12.5","0012000000s2PY6","a0l20000003qRga","Item Created"
