"ID","ENTITY__C","ACTUAL_UPFORNT_COMM","EXECUTION TRACKER","STATUS"
"a3Lw00000000WYlEAM","0012000000Z9Qwt","6000","a0l20000000VWT3","Item Created"
"a3Lw00000000WYmEAM","0012000000Z9Qwt","50","a0l20000000C4Xq","Item Created"
"a3Lw00000000WYnEAM","0012000000Z9Qwt","1072.96","a0l20000001GUDl","Item Created"
"a3Lw00000000WYoEAM","0012000000Z9Qwt","886","a0l20000003n65m","Item Created"
"a3Lw00000000WYpEAM","0012000000Z9Qwt","200","a0l20000003qVev","Item Created"
"a3Lw00000000WYqEAM","0012000000Z9Qwt","5","a0l20000003qVf0","Item Created"
"a3Lw00000000WYrEAM","0012000000Z9Qwt","22.5","a0l20000003qVf5","Item Created"
"a3Lw00000000WYsEAM","0012000000Z9Qwt","5","a0l20000003qg4D","Item Created"
"a3Lw00000000WYtEAM","0012000000Z9Qwt","35","a0l20000003qg4I","Item Created"
"a3Lw00000000WYuEAM","0012000000Z9Qwt","562","a0l20000005SI6s","Item Created"
"a3Lw00000000WYvEAM","0012000000Z9Qwt","5","a0l20000006G0uR","Item Created"
"a3Lw00000000WYwEAM","0012000000Z9Qwt","4","a0l20000006G0uW","Item Created"
"a3Lw00000000WYxEAM","0012000000Z9Qwt","6","a0l20000006G0ub","Item Created"
"a3Lw00000000WYyEAM","0012000000Z9Qwt","3","a0l20000006G0nl","Item Created"
"a3Lw00000000WYzEAM","0012000000Z9Qwt","13.5","a0l20000006G0qk","Item Created"
"a3Lw00000000WZ0EAM","0012000000Z9Qwt","886","a0l200000060y5Z","Item Created"
