ID,ACTION_PLAN_PRODUCT_NAME__C,PRODUCT_NAME__C
a3N200000000129EAA,ICICI Prudential Focused Bluechip,ICICI Blue Chip Fund Growth
a3N20000000012AEAQ,ICICI Prudential Dynamic Plan,ICICI Dynamic Plan
a3N20000000012BEAQ,HSBC India Opportunities Fund,HSBC India Opportunities
a3N20000000012CEAQ,HSBC India Opportunities Fund (D),HSBC India Opportunities
a3N20000000012DEAQ,HSBC Brazil Fund,HSBC Brazil
a3N20000000012EEAQ,HDFC Prudence Fund,HDFC Prudence Fund
a3N20000000012FEAQ,Franklin India Flexi Cap Fund,Franklin India Flexi Cap Fund
a3N20000000012GEAQ,Franklin India BlueChip,Franklin India Bluechip Fund
a3N20000000012HEAQ,DSP BlackRock Top 100 Equity Fund,DSP BlackRock Top 100 Equity Fund
a3N20000000012IEAQ,DSP BlackRock India Tiger Fund,DSP BlackRock T.I.G.E.R. Reg
a3N20000000012JEAQ,Birla Sun Life Dividend Yield Plus,Birla Sun Life Dividend Yield Plus
a3N20000000012KEAQ,Templeton India STIP,Templeton India Short-term Income Ret
a3N20000000012LEAQ,Templeton India Corporate Bond Opportunities Fund,Templeton India FMP
a3N20000000012MEAQ,Reliance Dual Advantage Fixed Tenure Fund,Reliance Dual Advantage FTF
a3N20000000012NEAQ,L&T Fixed Maturity Plan - Series VI - Plan D,L & T FMP
a3N20000000012OEAQ,IDFC Super Saver Income Fund - Short Term Plan A,IDFC FMP
a3N20000000012PEAQ,ICICI Prudential Regular Savings Fund,ICICI Prudential Regular Savings
a3N20000000012QEAQ,Axis Dynamic Bond Fund,Axis Dynamic Bond
a3N20000000012REAQ,DWS Hybrid Fixed Term Fund - Series 3 (3 Yr),DWS FMP/FTP
a3N20000000012SEAQ,HDFC Cash Mgmt Fund - Treasury Advantage,HDFC Cash Management Treasury Advantage Fund
a3N20000000012TEAQ,HDFC Multiple Yield Fund - Plan 2005,HDFC Multiple Yield Fund
a3N20000000012UEAQ,ICICI Prudential Capital Protection Oriented Fund,ICICI Prudential Capital Protection
a3N20000000012VEAQ,ICICI Prudential Income Fund,ICICI Prudential Income Regular
a3N20000000012WEAQ,Bajaj Allianz Extra Care ( For 1 member ),Bajaj Allianz Extra Care
a3N20000000012XEAQ,Reliance Gold Savings Fund,Reliance Gold Savings Fund
a3N20000000012YEAQ,ICICI Focussed Blue Chip,ICICI Blue Chip Fund Growth
a3N20000000012ZEAQ,Reliance Equity Opportunities,Reliance Equity Opportunities Fund - Retail Plan (G)
a3N20000000012aEAA,ICICI Pru Focussed Blue Chip,ICICI Blue Chip Fund Growth
a3N20000000010sEAA,Bajaj Allianz Individual Health Guard,Bajaj Allianz Health Guard
a3N20000000010tEAA,Bajaj Allianz Premium Personal Guard,Bajaj Allianz Premier Personal Guard
a3N20000000010uEAA,Bajaj Allianz Critical Illness,Bajaj Allianz Critical Illness Cover
a3N20000000010vEAA,Bajaj Allianz Extra Care,Bajaj Allianz Extra Care
a3N20000000010wEAA,Birla SL Frontline Equity,Birla Sun Life Frontline Equity Fund
a3N20000000010xEAA,DSP Equity,DSP BlackRock Equity Fund
a3N20000000010yEAA,IDFC Premier Equity,IDFC Premier Equity Fund - Plan A
a3N20000000010zEAA,Pramerica Equity,Pramerica Equity Fund
a3N200000000110EAA,Axis Triple Advantage,Axis Triple Advanatage Fund
a3N200000000111EAA,BSL Dynamic Bond Fund,Birla Sun Life Dynamic Bond Fund
a3N200000000112EAA,Pramerica Short Term Income,Pramerica Short Term Income Fund
a3N200000000113EAA,BSL Frontline Equity,Birla Sun Life Frontline Equity Fund
a3N200000000114EAA,BSL Savings,Birla Sun Life Savings Fund
a3N200000000115EAA,Kotak 50 Equity,Kotak 50
a3N200000000116EAA,Birla Small & Mid Cap Fund,Birla Sun Life MidCap Fund
a3N200000000117EAA,HDFC Long Term Equity,HDFC Long Term Advantage Fund
a3N200000000118EAA,Franklin India Blue Chip Fund,Franklin India Bluechip Fund
a3N200000000119EAA,Axis Treasury Advantage,Axis Treasury Advantage Fund
a3N20000000011AEAQ,Templeton India Low Duration,Templeton India Growth
a3N20000000012bEAA,ICICI Focussed Blue Chip Fund,ICICI Blue Chip Fund Growth
a3N20000000012cEAA,BLS Savings,Birla Sun Life Savings Fund
a3N20000000012dEAA,Pramerica Ultra Short Term Fund,Pramerica Ultra Short Term Bond Fund
a3N20000000012eEAA,DSP BR Income Opportunities,DSP BlackRock Income Opportunities Fund
a3N20000000012fEAA,DSP Equity Fund,DSP BlackRock Equity Fund
a3N20000000012gEAA,Axis Triple Advantage Fund,Axis Triple Advanatage Fund
a3N20000000012hEAA,BSL Dynamic Fund,Birla Sun Life Dynamic Bond Fund
a3N20000000012iEAA,IDFC Premier Equity Fund,IDFC Premier Equity Fund - Plan A
a3N20000000012jEAA,IDFC Money Manager Treasury A Fund,IDFC Money Manager Fund - Treasury Plan A
a3N20000000014UEAQ,Sundaram Tax Saver (G),TestTest
a3N20000000014VEAQ,Dsp blackrock equity fund G,DSP BlackRock Equity Fund
a3N20000000014WEAQ,Hdfc equity fund G,HDFC Equity Fund
a3N20000000014XEAQ,Reliance equity opportunities fund G,Reliance Equity Opportunities Fund - Retail Plan (G)
a3N20000000014YEAQ,Reliance gold savings fund G,Reliance Gold Savings Fund
a3N20000000014ZEAQ,Saving's A/c,Savings Account
a3N20000000014aEAA,BSL Dynamic Bond,Birla Sun Life Dynamic Bond Fund
a3N20000000014bEAA,Sundram Select mid cap Growth Fund,Sundaram Select Mid Cap
a3N20000000014cEAA,HDFC Hi Short Term Debt Fund,HDFC High Interest Fund - Short Term Plan
a3N20000000014dEAA,Savings Bank Account,Savings Account
a3N20000000014eEAA,HDFC Cash Management Treasury Adv Fund,HDFC Cash Management Treasury Advantage Fund
a3N20000000014fEAA,United India,NA
a3N20000000014gEAA,HDFC Cash Management Treasury Advt.,HDFC Cash Management Treasury Advantage Fund
a3N20000000014hEAA,DWS Hybrid FT Fund Series3 - G,DWS FMP/FTP
a3N20000000014iEAA,HDFC Short Term,HDFC High Interest Fund - Short Term Plan
a3N20000000014jEAA,ICICI regular Savings,ICICI Prudential Regular Savings
a3N20000000016AEAQ,ICICI Pru Discovery Fund,ICICI Discovery
a3N20000000016BEAQ,BSL HTP Series HH,Birla FMP
a3N20000000016CEAQ,IDFC FTP Series 16 Reg,IDFC FMP
a3N20000000016DEAQ,Sundaram Capital Protection,TestTest
a3N20000000016EEAQ,BSL Savings Funds,Birla Sun Life Savings Fund
a3N20000000016FEAQ,SBI Magnum Tax Saving,TestTest
a3N20000000016GEAQ,Hdfc Monthly Income Plan Long Term Fund,HDFC Monthly Income Plan - Long Term Plan
a3N20000000016HEAQ,Reliance Monthly Income Plan,Reliance Monthly Income Plan
a3N20000000016IEAQ,IDFC Premeir Equity,IDFC Premier Equity Fund - Plan A
a3N20000000016JEAQ,Axis Triple Advantgae Fund,Axis Triple Advanatage Fund
a3N20000000016KEAQ,HDFC Cash Mgt Treasury Adv Fund,HDFC Cash Management Treasury Advantage Fund
a3N20000000016LEAQ,Reliance Gold Savings Fund - G,Reliance Gold Savings Fund
a3N20000000016MEAQ,Birla Sun Life Dividend Yield Plus - Growth,Birla Sun Life Dividend Yield Plus
a3N20000000016NEAQ,ICICI Prudential Focused Bluechip Equity Fund - G,ICICI Blue Chip Fund Growth
a3N20000000016OEAQ,ICICI Prudential Top 100 Fund - G,ICICI Prudential Top 100 Reg
a3N20000000016PEAQ,ICICI Prudential Discovery Fund-G,ICICI Dynamic Plan
a3N20000000016QEAQ,Reliance Equity Opportunities Fund - G,Reliance Equity Opportunities Fund - Retail Plan (G)
a3N20000000016REAQ,IDFC Premier Equity Fund - Plan A - G,IDFC Premier Equity Fund - Plan A
a3N20000000016SEAQ,Sundaram Select MidCap - G,Sundaram Select Mid Cap
a3N20000000016TEAQ,Birla Sun Life India GenNext Fund - G,Birla Sun Life India Gennext
a3N20000000016UEAQ,DSP BlackRock Micro Cap Fund - G,DSP BlackRock Micro Cap Fund
a3N20000000016VEAQ,HDFC Mid Cap Opportunity Fund - G,HDFC Mid-Cap Opportunities Fund
a3N20000000016WEAQ,Birla Sun Life Dynamic Bond Fund - Retail - G,Birla Sun Life Dynamic Bond Fund
a3N20000000016XEAQ,SBI Dynamic Bond Fund - G,SBI Dynamic Bond Fund
a3N20000000016YEAQ,Kotak Gold Fund - G,Kotak Gold
a3N20000000016ZEAQ,SBI Emerging Businesses Fund - Regular Plan - G,SBI Emerging Businesses Fund - Regular Plan - G
a3N20000000016aEAA,UTI Mastershare Unit Scheme-D,UTI Master Share
a3N20000000016bEAA,IDFC MM Treasury,IDFC Money Manager Fund - Treasury Plan A
a3N20000000016cEAA,Reliance Growth - Retial,Reliance Growth Fund - Retail Plan
a3N20000000016dEAA,Reliance RSF - Equity,Reliance Regular Savings Fund
a3N20000000016eEAA,SBI Blue Chip Fund,TestTest
a3N20000000016fEAA,Saving Bank Account,Savings Account
a3N20000000016gEAA,Bajaj Allianz Premium Persoanl Guard,Bajaj Allianz Premier Personal Guard
a3N20000000016hEAA,HDFC MIP,HDFC Monthly Income Plan - Long Term Plan
a3N20000000016iEAA,L & T Equity Fund,L & T Equity
a3N20000000016jEAA,Pramerica Equity Fudn,Pramerica Equity Fund
a3N20000000016kEAA,Templeton India Short Term Income Plan-G,Templeton India Short-term Income Ret
a3N20000000016lEAA,HDFC Medium term,HDFC FMP
a3N20000000016mEAA,DSP BR Tax Saver,DSP BlackRock Tax Saver Fund
a3N20000000016nEAA,Franklin India Prima Plus,Franklin India Prima Fund
a3N20000000011BEAQ,HDFC Top 200,HDFC Top 200 Fund
a3N20000000011CEAQ,BSL Dynamic,Birla Sun Life Dynamic Bond Fund
a3N20000000011DEAQ,Birla SL - Dynamic,Birla Sun Life Dynamic Bond Fund
a3N20000000011EEAQ,Reliance - Gold Savings Fund,Reliance Gold Savings Fund
a3N20000000011FEAQ,HDFC - Top 200 Fund,HDFC Top 200 Fund
a3N20000000011GEAQ,IDFC - Premier Equity Fund,IDFC Premier Equity Fund - Plan A
a3N20000000011HEAQ,DSP BlackRock - Equity Fund,DSP BlackRock Equity Fund
a3N20000000011IEAQ,Reliance Gold Savings,Reliance Gold Savings Fund
a3N20000000011JEAQ,Savings account,Savings Account
a3N20000000011KEAQ,IDFC MM Treasury A,IDFC Money Manager Fund - Treasury Plan A
a3N20000000011LEAQ,Bajaj Allianz Health Guard,Bajaj Allianz Health Guard
a3N20000000011MEAQ,ICICI Focused Bluechip Equity,ICICI Blue Chip Fund Growth
a3N20000000011NEAQ,Reliance Gold Saving,Reliance Gold Savings Fund
a3N20000000011OEAQ,Pramerica Short Term,Pramerica Short Term Income Fund
a3N20000000011PEAQ,BSL Savings Div Yield,Birla Sun Life Dividend Yield Plus
a3N20000000011kEAA,DSP BR Money Manager Fund,DSP BlackRock Money Manager Fund
a3N20000000011lEAA,Savings Bank A/c,Savings Account
a3N20000000011mEAA,Bajaj Allianz Critical Care Cover,Bajaj Allianz Critical Care Policy
a3N20000000011nEAA,Bajaj Allianz Extra Care Policy,Bajaj Allianz Extra Care
a3N20000000011oEAA,Pramerica Short Term Fund,Pramerica Short Term Income Fund
a3N20000000011pEAA,AXIS Equity,Axis Equity Fund
a3N20000000011qEAA,BSL Div Yield,Birla Sun Life Dividend Yield Plus
a3N20000000011rEAA,IDFC Money Manager,IDFC Money Manager Fund - Treasury Plan A
a3N20000000011sEAA,HDFC Equity Fund,HDFC Equity Fund
a3N20000000011tEAA,Reliance Regular Savings Fund,Reliance Regular Savings Equity
a3N20000000011uEAA,DSP Small & Mid Cap,DSP BlackRock Small and Mid Cap Fund
a3N20000000011vEAA,IDBI Nifty Index,IDBI Nifty Index
a3N20000000011wEAA,IDBI Gold Fund,IDBI Gold
a3N20000000011xEAA,Kotak Gold Fund,Kotak Gold
a3N20000000011yEAA,HDFC Cash Management Treasury Advantage,HDFC Cash Management Treasury Advantage Fund
a3N20000000011zEAA,DSP Money Manager,DSP BlackRock Money Manager Fund
a3N200000000120EAA,AXIS Treasury,Axis Treasury Advantage Fund
a3N200000000121EAA,DSP Small and Mid Cap,DSP BlackRock Small and Mid Cap Fund
a3N200000000122EAA,HDFC Cash Management Treasury,HDFC Cash Management Treasury Advantage Fund
a3N200000000123EAA,Reliance Infrastructure Fund,Reliance Infrastructure
a3N200000000124EAA,Reliance Growth,Reliance Growth Fund - Retail Plan
a3N200000000125EAA,Reliance Banking Fund,Reliance Banking
a3N200000000126EAA,Pru ICICI Dynamic Plan,ICICI Dynamic Plan
a3N200000000127EAA,JPMorgan JF Asean Equity Offshore Fund,JP Morgan ASEAN Equity Off Shore
a3N200000000128EAA,IDFC Premier Equity Fund - Plan A,IDFC Premier Equity Fund - Plan A
a3N20000000012kEAA,Reliance Liquid Treasury Inst,Reliance Liquid Treasury Institutional
a3N20000000012lEAA,UTI Opportunities Fund,UTI Opportunities
a3N20000000012mEAA,Templeton Ind Growth Fund,Templeton India Growth
a3N20000000012nEAA,Reliance Small Cap Fund,Reliance Small Cap
a3N20000000012oEAA,Reliance Long Term Equity Fund,Reliance Long Term Equity
a3N20000000012pEAA,IDFC MIP,IDFC Monthly Income Plan Regular
a3N20000000012qEAA,Kotak Select Focus Fund ,Kotak Select Focus
a3N20000000012rEAA,IDFC Money Manager Treasury A,IDFC Money Manager Fund - Treasury Plan A
a3N20000000012sEAA,Savings A/c - From FD's,Savings Account
a3N20000000012tEAA,HDFC Top 200 Fund,HDFC Top 200 Fund
a3N20000000012uEAA,Bajaj Allianz Critical Care Policy,Bajaj Allianz Critical Care Policy
a3N20000000012vEAA,Bajaj Allianz Premium Personal Gurad,Bajaj Allianz Premier Personal Guard
a3N20000000012wEAA,Bajaj Allianz Extra Care Cover,Bajaj Allianz Extra Care
a3N20000000012xEAA,BSL Dividend Yield Plus,Birla Sun Life Dividend Yield Plus
a3N20000000012yEAA,BSL Dividend Yield Plus Fund,Birla Sun Life Dividend Yield Plus
a3N20000000012zEAA,Axis Equity Fund,Axis Equity Fund
a3N200000000130EAA,HDFC Cash Mgmt Treasury Advtg (D)Folio:7153564/73,HDFC Cash Management Treasury Advantage Fund
a3N200000000131EAA,IDFC MM Fund TP (D) [Folio:1309749/29],IDFC Money Manager Fund - Treasury Plan A
a3N200000000132EAA,HDFC Equity,HDFC Equity Fund
a3N200000000133EAA,PPF,NA
a3N200000000134EAA,LIC Jeevan Tarang,NA
a3N200000000135EAA,IDFC Money Manager TPA,IDFC Money Manager Fund - Treasury Plan A
a3N200000000136EAA,Bajaj Allianz Critical Care,Bajaj Allianz Critical Care Policy
a3N200000000137EAA,ICICI Prudential Focussed Blue Chip,ICICI Blue Chip Fund Growth
a3N200000000138EAA,HDFC Mid Cap Opportunities,HDFC Mid-Cap Opportunities Fund
a3N200000000139EAA,ICICI Prudential Discovery,ICICI Discovery
a3N20000000013AEAQ,Birla SL Dynamic Bond Fund,Birla Sun Life Dynamic Bond Fund
a3N20000000013BEAQ,Birla MNC Fund,Birla Sun Life MNC
a3N20000000013CEAQ,HDFC Prudence,HDFC Prudence Fund
a3N20000000013DEAQ,DSP BR Top 100,DSP BlackRock Top 100 Equity Fund
a3N20000000013EEAQ,Reliance MIP,Reliance Monthly Income Plan
a3N20000000013FEAQ,IDFC Sterling Equity,IDFC Sterling Equity Fund
a3N20000000013GEAQ,Bajaj Allianz Personal Accident,Bajaj Allianz Premier Personal Guard
a3N20000000013HEAQ,Bajaj Allianz Extra Care (Top Up),Bajaj Allianz Extra Care
a3N20000000013IEAQ,BSL Div Dynamic Bond Fund,Birla Sun Life Dynamic Bond Fund
a3N20000000013JEAQ,Birla SL Frontline Equity Fund,Birla Sun Life Frontline Equity Fund
a3N20000000013KEAQ,AXIS Treasury Advan,Axis Equity Fund
a3N20000000013LEAQ,Pramerica Ultra Short Term,Pramerica Ultra Short Term Bond Fund
a3N20000000013MEAQ,Reliance Money Manager,Reliance Money Manager Fund - Retail Plan
a3N20000000013NEAQ,HDFC Multiple Yield,HDFC Multiple Yield Fund
a3N20000000013OEAQ,DSP BR Equity,DSP BlackRock Equity Fund
a3N20000000014kEAA,SBI Dynamic,SBI Dynamic Bond Fund
a3N20000000014lEAA,ICICI Discovery,ICICI Discovery
a3N20000000014mEAA,Templeton India Income Builder,TestTest
a3N20000000014nEAA,ICICI Focused Bluechip Equity Dividend,ICICI Blue Chip Fund Growth
a3N20000000014oEAA,UTI Dividend Yield Dividend,UTI Dividend Yield
a3N20000000014pEAA,DSPBR Top 100 Equity Dividend,DSP BlackRock Top 100 Equity Fund
a3N20000000014qEAA,ICICI Balanced,ICICI Prudential Balanced Reg
a3N20000000014rEAA,IDFC Premier Equity Dividend,IDFC Premier Equity Fund - Plan A
a3N20000000014sEAA,HDFC Mid cap Opportunities Dividend,HDFC Mid-Cap Opportunities Fund
a3N20000000014tEAA,ICICI Pru Discovery Dividend,ICICI Discovery
a3N20000000014uEAA,HDFC Cash Management Treasury A,HDFC Cash Management Treasury Advantage Fund
a3N20000000014vEAA,Bajaj Allianz Premium Personal Guard Policy,Bajaj Allianz Premier Personal Guard
a3N20000000014wEAA,DSP Short Term,DSP BlackRock Short Term Fund
a3N20000000014xEAA,HDFC High Interest Short Term,HDFC High Interest Fund - Short Term Plan
a3N20000000014yEAA,Franklin India Flexi Cap,Franklin India Flexi Cap Fund
a3N20000000014zEAA,HDFC Cash Management,HDFC Cash Management Treasury Advantage Fund
a3N200000000150EAA,ICICI Regular Savings Fund,ICICI Prudential Regular Savings
a3N200000000151EAA,ICICI Flexi Income Fund,ICICI Flexi Income Fund
a3N20000000016oEAA,Franklin India Prima Plus (G),Franklin India Prima Fund
a3N20000000016pEAA,Max Bupa Heart Beat Individual,TestTest
a3N20000000016qEAA,Pramerica Short Term Income/BSL Dynamic,Pramerica Short Term Income Fund
a3N20000000016rEAA,BSL Frontline Equity/HDFC Top 200,Birla Sun Life Frontline Equity Fund
a3N20000000016sEAA,Pramerica Equity/Axis Equity,Pramerica Equity Fund
a3N20000000016tEAA,IDFC Sterling Equity/BSL Dividend Yield Plus,IDFC Sterling Equity Fund
a3N20000000016uEAA,HDFC FMP,HDFC FMP
a3N20000000016vEAA,Fidelity Equity,L & T Equity
a3N20000000016wEAA,Reliance Gold,Reliance Gold Savings Fund
a3N20000000016xEAA,ICICI Focused Blue Chip,ICICI Blue Chip Fund Growth
a3N20000000016yEAA,ICICI Pru Focussed Blue Chip Fund,ICICI Blue Chip Fund Growth
a3N20000000016zEAA,ICICI Pru Dynamic,ICICI Dynamic Plan
a3N200000000170EAA,IDFC Money Manager Treasury,IDFC Money Manager Fund - Treasury Plan A
a3N200000000171EAA,Bajaj Allianz Premier Personal Guard,Bajaj Allianz Premier Personal Guard
a3N200000000172EAA,IDFC MM TPA Fund,IDFC Money Manager Fund - Treasury Plan A
a3N200000000173EAA,IDFC Premeir Equity Fund,IDFC Premier Equity Fund - Plan A
a3N200000000174EAA,HDFC Mid Cap Opportunities Fund,HDFC Mid-Cap Opportunities Fund
a3N200000000175EAA,ICICI Pru Dynamic Fund,ICICI Dynamic Plan
a3N200000000176EAA,ICICI Pru Focused BlueChip Equity Fund,ICICI Blue Chip Fund Growth
a3N200000000177EAA,Axis Triple Advanateg Fund,Axis Triple Advanatage Fund
a3N200000000178EAA,IDFC Dynamic Bond,IDFC Dynamic Bond Fund
a3N200000000179EAA,Gold ETF,HDFC Gold Fund
a3N20000000017AEAQ,IDFC Dynamic Bond Fund,ICICI Dynamic Plan
a3N20000000017BEAQ,IDFC Dynamic,ICICI Dynamic Plan
a3N20000000017CEAQ,ICICI Critical Care,ICICI Critical Care
a3N20000000017DEAQ,ICICI Personal Protect,ICICI Lombard Health Protect Family Floater
a3N20000000017EEAQ,"Top Up Policy with Rs.4,00,000 deductible",Bajaj Allianz Extra Care
a3N20000000017FEAQ,Reliance Equity Growth Fund,Reliance Growth Fund - Retail Plan
a3N20000000017GEAQ,Health Guard,Bajaj Allianz Health Guard
a3N20000000017HEAQ,Premium persoanl Guard,Bajaj Allianz Premier Personal Guard
a3N20000000017IEAQ,Critical Illness,Bajaj Allianz Critical Care j Allianz
a3N20000000017JEAQ,Extra Care,Bajaj Allianz Extra Care
a3N20000000017KEAQ,DSP BR Oppotunities Fund (G),DSP BlackRock Opportunities Fund
a3N20000000018NEAQ,L&T Tax Advantage,L & T Tax Advantage
a3N20000000018OEAQ,Sundaram Tax Saver,TestTest
a3N20000000018PEAQ,BSL Tax Relief,Birla Sun Life Tax Relief 96
a3N20000000018QEAQ,Reliance Regular Savings Equity,Reliance Regular Savings Equity
a3N20000000018REAQ,BSL Short Term,Birla Sun Life Short Term
a3N20000000018SEAQ,Principal Large Cap Fund,Principal Large Cap
a3N20000000018TEAQ,DSP Tax Saving,DSP BlackRock Tax Saver Fund
a3N20000000018UEAQ,Sundaram Select Midcap,Sundaram Select Mid Cap
a3N20000000018VEAQ,Saving account,Savings Account
a3N20000000018WEAQ,ICICI Dynamic,ICICI Dynamic Plan
a3N20000000018XEAQ,HDFC Tax Saver (Dividend),HDFC Tax Saver
a3N20000000018YEAQ,Bajaj Alliaz Premium Personal Guard,Bajaj Allianz Premier Personal Guard
a3N20000000018ZEAQ,IDFC Pemier Equity Fund,IDFC Premier Equity Fund - Plan A
a3N20000000018aEAA,america Short Term Income,Pramerica Short Term Income Fund
a3N20000000018bEAA,Birla SL Frontline Dynamic Bond Fund,Birla Sun Life Dynamic Bond Fund
a3N20000000018cEAA,Reliance Money Manager Fund,Reliance Money Manager Fund - Retail Plan
a3N20000000018dEAA,Apollo Munich Easy Health Individual Standard,Apollo Munich Easy Health Individual
a3N20000000018eEAA,UTI Dividend Yield,UTI Dividend Yield
a3N20000000018fEAA,HDFC Top 200 - DIVIDEND,HDFC Top 200 Fund
a3N20000000018gEAA,HDFC Balanced Growth,HDFC Balanced Fund
a3N20000000018hEAA,DSP BR Dual Advantage,DSPBR Dual Advantage
a3N20000000018iEAA,HDFC Tax Saver,HDFC Tax Saver
a3N20000000018jEAA,UTI Opportunities,UTI Opportunities
a3N20000000018kEAA,HDFC Long Term Advantage Fund,HDFC Long Term Advantage Fund
a3N20000000018lEAA,ICICI Pru Capital Protection,ICICI Prudential Capital Protection
a3N20000000018mEAA,HDFC Long Term Advantage,HDFC Long Term Advantage Fund
a3N20000000018nEAA,DSP BR Dual Advantage Fund,DSPBR Dual Advantage
a3N20000000018oEAA,ICICI Prudential Bhliechip Equity Fund,ICICI Blue Chip Fund Growth
a3N20000000018pEAA,L&T India Special Situations Fund,L & T India Special Situations Fund
a3N20000000018qEAA,HDFC High Interest ST Income,HDFC High Interest Fund - Short Term Plan
a3N20000000018rEAA,ICICI Focuss Blue Chip Fund,ICICI Blue Chip Fund Growth
a3N20000000018sEAA,DSP Income Opportunities,DSP BlackRock Income Opportunities Fund
a3N20000000018tEAA,ICICI Pru Flexi Income,ICICI Flexi Income Fund
a3N20000000018uEAA,Pramerica Ultra Short Term Plan,Pramerica Ultra Short Term Bond Fund
a3N2000000001AWEAY,DSP Top 100 Equity Fund (G) [Folio:2586395/39],DSP BlackRock Top 100 Equity Fund
a3N20000000013PEAQ,Fidelity Equity Fund,L & T Equity
a3N20000000013QEAQ,DSP BR Tax Saver (D),DSP BlackRock Tax Saver Fund
a3N20000000013REAQ,DSP BR Small & Mid Cap (D),DSP BlackRock Small and Mid Cap Fund
a3N20000000013SEAQ,HDFC Equity -(G),HDFC Equity Fund
a3N20000000013TEAQ,HDFC Equity - DIV,HDFC Equity Fund
a3N20000000013UEAQ,HDFC Balanced Fund,HDFC Balanced Fund
a3N20000000013VEAQ,Baja Allianz Extra Care,Bajaj Allianz Extra Care
a3N20000000013WEAQ,IDFC MM Treasury A DDR,IDFC Money Manager Fund - Treasury Plan A
a3N20000000013XEAQ,ICICI Dynamic Fund,ICICI Dynamic Plan
a3N20000000013YEAQ,Bajaj Alliaz Individual Health Guard,Bajaj Allianz Health Guard
a3N20000000013ZEAQ,Bajaj Alliaz Extra Care,Bajaj Allianz Extra Care
a3N20000000013aEAA,L&T Equity Fund,L & T Equity
a3N20000000013bEAA,ICICI Pru Top 100 Fund,ICICI Prudential Top 100 Reg
a3N20000000013cEAA,Franklin India Prime Plus,Franklin India Prima Fund
a3N20000000013dEAA,Reliance Equity Opportunities Fund,Reliance Equity Opportunities Fund - Retail Plan (G)
a3N20000000013eEAA,L&T Special Situation Fund,L & T India Special Situations Fund
a3N20000000013fEAA,Savings A/c,Savings Account
a3N20000000013gEAA,DSP Money Manager Fund,DSP BlackRock Money Manager Fund
a3N20000000013hEAA,Bajaj Allianz Individual Health Guard Policy,Bajaj Allianz Health Guard
a3N20000000013iEAA,SBI Magnum Tax Gain,SBI Magnum Tax Gain
a3N20000000013jEAA,BajaBajaj Allianz Critical Care j Allianz,Bajaj Allianz Critical Care Policy
a3N20000000013kEAA,Bajaj Bajaj Allianz Individual Health GuardAllianz,Bajaj Allianz Health Guard
a3N20000000013lEAA,BajBajaj Allianz Individual Health Guardaj Allianz,Bajaj Allianz Health Guard
a3N20000000013mEAA,BaBajaj Allianz Individual Health Guardjaj Allianz,Bajaj Allianz Individual Health Guard
a3N20000000013nEAA,Axis Triple Advanatage Fund,Axis Triple Advanatage Fund
a3N20000000013oEAA,ICICI Lombard Top Up Cover,ICICI Health Care Plus
a3N20000000013pEAA,ICICI Lombard Personal Accident Cover,ICICI Lombard Personal Accident Cover
a3N20000000013qEAA,IHO Pvt Ltd,NA
a3N20000000013rEAA,ICICI Lombard Critical Care Cover,ICICI Lombard Critical Care Cover
a3N20000000013sEAA,ICICI Lombard Health Protect Family Floater,ICICI Health Care Plus
a3N20000000013tEAA,Apollo Munich Health Insurance (Optima Restore),Apollo Munich Easy Health Individual
a3N20000000013uEAA,ICICI Lombard Personal Protect Plan.,ICICI Lombard Health Protect Family Floater
a3N20000000013vEAA,ICICI Lombard Critical Care,ICICI Critical Care
a3N20000000013wEAA,HDFC Growth,HDFC Growth Fund
a3N20000000013xEAA,ICICI Pru Discovery,ICICI Discovery
a3N20000000013yEAA,IDFC SSIF MIP (D),IDFC SSI Short Term Regular
a3N20000000013zEAA,SBI Dynamic Bond,SBI Dynamic Bond Fund
a3N200000000140EAA,Birla SL Savings,Birla Sun Life Savings Fund
a3N200000000141EAA,Kotak Flexi Deposit,Kotak FMP
a3N200000000153EAA,Reliance Savings,Reliance Gold Savings Fund
a3N200000000154EAA,DSP Top 100,DSP BlackRock Top 100 Equity Fund
a3N200000000155EAA,HDFC Top 200 fund (G),HDFC Top 200 Fund
a3N200000000156EAA,DSP BR Top 100 Equity fund (G),DSP BlackRock Top 100 Equity Fund
a3N200000000157EAA,DSP BR Equity fund (G),DSP BlackRock Equity Fund
a3N200000000158EAA,Pramerica Ultra Short Term Bond,Pramerica Ultra Short Term Bond Fund
a3N200000000159EAA,icici sr 63 365 days,ICICI FMP
a3N20000000015AEAQ,icici blue chip fund growth,ICICI Blue Chip Fund Growth
a3N20000000015BEAQ,BSL dividend yield,Birla Sun Life Dividend Yield Plus
a3N20000000015CEAQ,hdfc fmp 370 days feb 12,HDFC FMP
a3N20000000015DEAQ,366 d regular,NA
a3N20000000015EEAQ,Fixed income 7 series,NA
a3N20000000015FEAQ,hdfc 371 days fmp,HDFC FMP
a3N20000000015GEAQ,bsl 36 months sr fb,Birla FMP
a3N20000000015HEAQ,kotak serial 84 365 days,Kotak FMP
a3N20000000015IEAQ,icici fmp series 63 750 days,ICICI FMP
a3N20000000015JEAQ,bsl fmp ep 367 series,Birla FMP
a3N20000000015KEAQ,bsl dynamic bond growth,Birla Sun Life Dynamic Bond Fund
a3N20000000015LEAQ,icici regualr savings fund,ICICI Prudential Regular Savings
a3N200000000152EAA,BSL FTP,Birla FMP
a3N20000000015MEAQ,BSL Medium Term Plan,Birla Sun Life Medium Term Plan
a3N20000000015NEAQ,Sundaram Select Mid Cap,Sundaram Select Mid Cap
a3N20000000015OEAQ,Pramerica Ultra Short Term Debt Fund,Pramerica Ultra Short Term Bond Fund
a3N20000000015PEAQ,Bajaj Allianz Premieum Personal Guard,Bajaj Allianz Premier Personal Guard
a3N20000000015QEAQ,IDFC MM Treasur y A,IDFC Money Manager Fund - Treasury Plan A
a3N20000000015REAQ,BSL Mid cap,Birla Sun Life MidCap Fund
a3N20000000015SEAQ,Gold Bees,NA
a3N20000000015TEAQ,ICICI Ultra Short Term Fund,ICICI Prudential Ultra Short Term Reg
a3N20000000015UEAQ,L&T Indo Asian Fund,L & T Indo Asia
a3N20000000015VEAQ,L&T Equity Fund (D),L & T Equity
a3N20000000015WEAQ,SBI Blue Chip,TestTest
a3N20000000015XEAQ,Apollo Munich Optima Senior,Apollo Munich Optima Senior
a3N20000000015YEAQ,ICICI Lombard Personal Protect Plan,ICICI Lombard Personal Accident Cover
a3N20000000015ZEAQ,ICICI Health Care Plus,ICICI Lombard Health Protect Plus
a3N20000000015aEAA,Apollo Munich Optima Restore Family Floater,TestTest
a3N20000000015bEAA,Preventive Health Care,NA
a3N20000000015cEAA,HDFC Cash Mgt Treasury Advantage Fund,HDFC Cash Management Treasury Advantage Fund
a3N20000000015dEAA,HDFC Cash Management Treasury Advantage Fund,HDFC Cash Management Treasury Advantage Fund
a3N20000000015eEAA,HDFC Equity fund Growth,HDFC Equity Fund
a3N20000000015fEAA,Axis Money Manager Fund,Axis Money Manager Fund
a3N20000000015gEAA,IDFC Sterling Equity Fund,IDFC Sterling Equity Fund
a3N20000000015hEAA,Axis Triple Advantage Funf,Axis Triple Advanatage Fund
a3N20000000017LEAQ,Franklin India Bluechip Fund (D),Franklin India Bluechip Fund
a3N20000000017MEAQ,DSP BR Equity Fund (D),DSP BlackRock Equity Fund
a3N20000000017NEAQ,Franklin India Growth Fund (G),Franklin India High Growth Companies
a3N20000000017OEAQ,UTI Dividend Yield (D),UTI Dividend Yield
a3N20000000017PEAQ,HDFC Prudence Fund (D),HDFC Prudence Fund
a3N20000000017QEAQ,HDFC Prudence Fund G,HDFC Prudence Fund
a3N20000000017REAQ,HDFC Equity Fund (G),HDFC Equity Fund
a3N20000000017SEAQ,HDFC Prudence Fund (G),HDFC Prudence Fund
a3N20000000017TEAQ,HDFC Top 200 Fund (D),HDFC Top 200 Fund
a3N20000000017UEAQ,L & T Equity Fund L & T Equity Fund (D),L & T Equity
a3N20000000017VEAQ,L & T Equity Fund (G),L & T Equity
a3N20000000017WEAQ,BSL Frontline Equity Fund- A (D),Birla Sun Life Frontline Equity Fund
a3N20000000017XEAQ,Franklin India Bluechip Fund (G),Franklin India Bluechip Fund
a3N20000000017YEAQ,HDFC Growth Fund (G),HDFC Growth Fund
a3N20000000017ZEAQ,Birla Frontline Equity Fund,Birla Sun Life Frontline Equity Fund
a3N20000000017aEAA,Franklin India Prima Plus (D),Franklin India Prima Fund
a3N20000000017bEAA,IDFC Sterling Equity (D),IDFC Sterling Equity Fund
a3N20000000017cEAA,Reliance Dynamic Bond,Reliance Dynamic Bond Fund
a3N20000000017dEAA,Pramerica Credit Opportunities(G),Pramerica Credit Opportunities Fund
a3N20000000017eEAA,Pramerica Ultra ST Bond (DM),Pramerica Ultra Short Term Bond Fund
a3N20000000017fEAA,Kotak Flexi - Debt (D),Kotak FMP
a3N20000000017gEAA,BSL Cash Manager(DW),Birla FMP
a3N20000000017hEAA,HDFC Cash Mngt. Tre Adv (G),HDFC Cash Management Treasury Advantage Fund
a3N20000000017iEAA,Reliance Regular Saving Debt (G),Reliance Regular Savings Fund - Debt Option - Retail Plan
a3N20000000018vEAA,DSP Br ST Fund,DSP BlackRock Short Term Fund
a3N20000000018wEAA,ICICI Pru Regular Savings Fund,ICICI Prudential Regular Savings
a3N20000000018xEAA,ICICI Pru Foccussed Blue Chip Equity,ICICI Blue Chip Fund Growth
a3N20000000018yEAA,ICICI Pru Focussed Equity,ICICI Blue Chip Fund Growth
a3N20000000018zEAA,BSL BSL Savings,Birla Sun Life Savings Fund
a3N200000000190EAA,Premium Personal Guard,Bajaj Allianz Premier Personal Guard
a3N200000000191EAA,HDFC Hi Short Term,HDFC High Interest Fund - Short Term Plan
a3N200000000192EAA,Corporate Deposit,Fixed Deposit
a3N200000000193EAA,IDFC Money Manager Treasury Advanatage Fund,IDFC Money Manager Fund - Treasury Plan A
a3N200000000194EAA,IDFC Money Manager Treasury Advantage Fund,IDFC Money Manager Fund - Treasury Plan A
a3N200000000195EAA,DSP Top 100 Equity,DSP BlackRock Top 100 Equity Fund
a3N200000000196EAA,HDFC Monthly Income Plan - Long Term Plan (G),HDFC Monthly Income Plan - Long Term Plan
a3N200000000197EAA,DSPBR T.I.G.E.R. Reg-G,DSP BlackRock T.I.G.E.R. Reg
a3N200000000198EAA,HDFC Long Term Equity Fund-G,HDFC Long Term Advantage Fund
a3N200000000199EAA,HDFC Prudence Fund - G,HDFC Prudence Fund
a3N20000000019AEAQ,Tata Pure Equity Fund-G,Tata Pure Equity
a3N20000000019BEAQ,FMP,NA
a3N20000000019CEAQ,IDFC Money Manager Treasury Advantage Plan A,IDFC Money Manager Fund - Treasury Plan A
a3N20000000019DEAQ,BSL Mid Cap Fund (G) Folio:1015176794,Birla Sun Life MidCap Fund
a3N20000000019EEAQ,IDFC Premier Equity Fund (G) [Folio:1249828/51],IDFC Premier Equity Fund - Plan A
a3N20000000019FEAQ,SBI Bluechip Fund,TestTest
a3N20000000019GEAQ,Templeton India ST Income (G) Folio:1049904237547,Templeton India Short-term Income Ret
a3N20000000019HEAQ,Templeton India ST Income Fund,Templeton India Short-term Income Ret
a3N20000000019IEAQ,Axis Triple Advantage Fund (G) Folio:9048051712,Axis Triple Advanatage Fund
a3N20000000019JEAQ,DSP Equity Fund Reg (G) [Folio:2586395/39],DSP BlackRock Equity Fund
a3N20000000019KEAQ,BSL Mid Cap Fund (G) [Folio:1015179833],Birla Sun Life MidCap Fund
a3N20000000019LEAQ,BSL Mid Cap Fund (G) [Folio:1015176794],Birla Sun Life MidCap Fund
a3N20000000019MEAQ,SBI - Blue Chip Fund (D) [Folio:6299983],TestTest
a3N20000000019NEAQ,HDFC - Top 200 Fund - (G) [Folio:7640557/11],HDFC Top 200 Fund
a3N20000000019OEAQ,HDFC - Top 200 Fund - (G) [Folio:6077190/65],HDFC Top 200 Fund
a3N20000000019PEAQ,HDFC - Top 200 Fund - (G) [Folio:6036453/56],HDFC Top 200 Fund
a3N20000000019QEAQ,BSL Dividend Yield Plus (G) [Folio:1015592212],Birla Sun Life Dividend Yield Plus
a3N20000000019REAQ,Birla SL - FTP Sr GG Reg (G) Folio:1015179833,TestTest
a3N20000000019SEAQ,HDFC - Top 200 Fund - (G) [Folio:3116216/18],HDFC Top 200 Fund
a3N20000000017kEAA,HDFC FMP-366D-March12(1)XXI(G),HDFC FMP
a3N20000000017lEAA,HDFC Cash Mgmt-Tre Adv (DW),HDFC Cash Management Treasury Advantage Fund
a3N20000000017mEAA,Franklin India Income Opportunities Fund,Templeton India Income Opportunities
a3N20000000017nEAA,DSP BR Income Opportunities Fund,DSP BlackRock Income Opportunities Fund
a3N20000000017oEAA,Reliance Dynamic Bond Fund,Reliance Dynamic Bond Fund
a3N20000000017pEAA,DSP BR Micro-Cap Fund,DSP BlackRock Micro Cap Fund
a3N20000000017qEAA,L & T Equity Fund (D),L & T Equity
a3N20000000017rEAA,HDFC Index Fund-SensexPlus(PA),HDFC Index Fund - Sensex Plus Plan
a3N20000000017sEAA,Tata Dividend Yield Fund (D),TestTest
a3N20000000017tEAA,Rel Equity Opportunities Funf,Reliance Equity Opportunities Fund - Retail Plan (G)
a3N20000000017uEAA,Birla Frontline Equity - A (G),Birla Sun Life Frontline Equity Fund
a3N20000000017vEAA,Franklin India Prima D,Franklin India Prima Fund
a3N20000000017wEAA,L & T India Sp. Situation (D),L & T India Special Situations Fund
a3N20000000017xEAA,BSL Dividend Yield Plus - D,Birla Sun Life Dividend Yield Plus
a3N20000000017yEAA,BSL Dividend Yield Plus - (G),Birla Sun Life Dividend Yield Plus
a3N20000000017zEAA,IDFC Premier Equity Fund D,IDFC Premier Equity Fund - Plan A
a3N200000000180EAA,BSL Dividend Yield Fund,Birla Sun Life Dividend Yield Plus
a3N200000000181EAA,Pramerica Ultra ST Bond (DW),Pramerica Ultra Short Term Bond Fund
a3N200000000182EAA,BSL Cash Manager Fund (DW),Birla Sun Life Cash Manager
a3N200000000183EAA,Bajaj Allianz Health Gua,Bajaj Allianz Health Guard
a3N20000000017jEAA,Reliance Money Mngr - (DW),Reliance Money Manager Fund - Retail Plan
a3N200000000184EAA,Hdfc top 200 growth,HDFC Top 200 Fund
a3N200000000185EAA,ICICI Prudential Discovery Fund,ICICI Discovery
a3N200000000186EAA,IDFC MM Treasury A Fund,IDFC Money Manager Fund - Treasury Plan A
a3N200000000187EAA,Idfc premier equity fund plan,IDFC Premier Equity Fund - Plan A
a3N200000000188EAA,Reliance gold saving fund,Reliance Gold Savings Fund
a3N200000000189EAA,Hdfc long term equity fund,HDFC Long Term Advantage Fund
a3N20000000018AEAQ,Dsp blackrock opp fund,DSP BlackRock Opportunities Fund
a3N20000000018BEAQ,Icici pru dynamic plan,ICICI Dynamic Plan
a3N20000000018CEAQ,Bnp paribas equity fund,BNP Paribas Equity
a3N20000000018DEAQ,Dsp blackrock opportunities fund,DSP BlackRock Opportunities Fund
a3N20000000018EEAQ,HDFC LT Advantage Fund,HDFC Long Term Advantage Fund
a3N20000000018FEAQ,MBA Fees - Savings A/c,Savings Account
a3N20000000018GEAQ,Citizen Credit - 28-9-2013,NA
a3N20000000018HEAQ,Pramerica Short Term Equity,Pramerica Equity Fund
a3N20000000018IEAQ,HDFC LT Advantage,HDFC Long Term Advantage Fund
a3N20000000018JEAQ,ICICI Pru Child Care Gift,NA
a3N20000000018KEAQ,Franklin India Tax Shield,Franklin India Tax Shield
a3N20000000018LEAQ,IDFC Tax Advantage,IDFC Tax Advantage
a3N20000000018MEAQ,Sundaram Select Mid Cap Fund,Sundaram Select Mid Cap
a3N20000000019UEAQ,Kotak 50 Equity Scheme Gr 1987616/33,Kotak 50
a3N20000000019VEAQ,Kotak 50 Equity Scheme,Kotak 50
a3N20000000019WEAQ,Pramerica Short Term Income/ BSL Dynamic,Pramerica Short Term Income Fund
a3N20000000019XEAQ,IDFC Premier Equity/BSL Dividend Yield Plus,IDFC Premier Equity Fund - Plan A
a3N20000000019YEAQ,Bajaj Allianz Critical Illness Cover,Bajaj Allianz Critical Illness Cover
a3N20000000019ZEAQ,Bajaj Allianz HealthGuard,Bajaj Allianz Health Guard
a3N20000000019aEAA,Bajaj Allianz Extracare,Bajaj Allianz Extra Care
a3N20000000019bEAA,Fixed Deposit,Fixed Deposit
a3N20000000019cEAA,Kotak Gold,Kotak Gold
a3N20000000019dEAA,DSP BR Top 100 Fund DDR,DSP BlackRock Top 100 Equity Fund
a3N20000000019eEAA,Templeton India Equity Fund DDR,Templeton India Equity Income Fund
a3N20000000019fEAA,IDFC Money Manager Treasury Plan A,IDFC Money Manager Fund - Treasury Plan A
a3N20000000019gEAA,Canara Robeco Equity Diversified,Canara Robeco Equity Diversified Regular
a3N20000000019hEAA,HDFC Mid-Cap Opportunities,HDFC Mid-Cap Opportunities Fund
a3N20000000019iEAA,Canara Robeco Eqt Diversified,Canara Robeco Equity Diversified Regular
a3N20000000019jEAA,ICICI Lombard Critical Care Policy,ICICI Critical Care
a3N20000000019kEAA,ICICI Lombard Health Care Policy,ICICI Lombard Health Protect Plus
a3N20000000019lEAA,ICICI Personal Protect Policy,ICICI Lombard Personal Accident Cover
a3N20000000019mEAA,BNP Pariba Equity,BNP Paribas Equity
a3N20000000019nEAA,Pramerica Short Tern Income,Pramerica Short Term Income Fund
a3N20000000019TEAQ,DSP Top 100 Equity Fund (G) [Folio:2424238/55],DSP BlackRock Top 100 Equity Fund
a3N20000000019oEAA,Birla SL Mid Cap,Birla Sun Life MidCap Fund
a3N20000000019pEAA,Reliance My Gold Plan,Reliance Gold Savings Fund
a3N20000000019qEAA,Franklin India Prima Plus Fund,Franklin India Prima Fund
a3N20000000019rEAA,BSL Div Yield Fund,Birla Sun Life Dividend Yield Plus
a3N20000000019sEAA,"Canara, SBI",Canara Robeco Equity Diversified Regular
a3N20000000019tEAA,DSP Equity Fund - G [Folio:2782446/94],DSP BlackRock Equity Fund
a3N20000000019uEAA,HDFC Top 200 - G [Folio:8581251/47],HDFC Top 200 Fund
a3N20000000019vEAA,BSL Dynamic Fund - G [Folio:1016034708],Birla Sun Life Dynamic Bond Fund
a3N20000000019wEAA,ICICI Focused Bluechip Reg - Gr,ICICI Blue Chip Fund Growth
a3N20000000019xEAA,Birl SL Savings,Birla Sun Life Savings Fund
a3N20000000019yEAA,HDFC Equity Fund Gr Folio: 7861617/20,HDFC Equity Fund
a3N20000000019zEAA,HDFC Mid cap Oppr Fund Gr Folio:8716791/51,HDFC Mid-Cap Opportunities Fund
a3N2000000001A0EAI,DSP Top 100 Equity Fund Gr Folio:2063846/69,DSP BlackRock Top 100 Equity Fund
a3N2000000001A1EAI,HDFC Equity Fund Gr Folio:6578510/90,HDFC Equity Fund
a3N2000000001A2EAI,HDFC Equity Fund Gr Folio:6823179/82,HDFC Equity Fund
a3N2000000001A3EAI,HDFC Mid cap Oppr Fund,HDFC Mid-Cap Opportunities Fund
a3N2000000001A4EAI,HDFC Mid cap Oppr Fund Gr Folio:7859325/09,HDFC Mid-Cap Opportunities Fund
a3N2000000001A5EAI,DSP Top 100 Equity Fund Gr Folio:2503784/37,DSP BlackRock Top 100 Equity Fund
a3N20000000011QEAQ,Franklin India Prima Fund,Franklin India Prima Fund
a3N20000000011REAQ,HDFC Top 200 Dividend,HDFC Top 200 Fund
a3N20000000011SEAQ,Franklin India Blue Chip Fund Dividend,Franklin India Bluechip Fund
a3N20000000011TEAQ,Axis Treasury Advantage Fund,Axis Treasury Advantage Fund
a3N20000000011UEAQ,BLS Dynamic Bond Fund,Birla Sun Life Dynamic Bond Fund
a3N20000000011VEAQ,Franklin India Blue Chip,Franklin India Bluechip Fund
a3N20000000011WEAQ,Franklin India Blue Chip Equity,Franklin India Bluechip Fund
a3N20000000011XEAQ,Franklin India Prima,Franklin India Prima Fund
a3N20000000011YEAQ,HDFC Liquid Fund DDR,HDFC Liquid Fund
a3N20000000011ZEAQ,DSP MM G,DSP BlackRock Money Manager Fund
a3N20000000011aEAA,HDFC Cash Mgmt Treasury Advtg D,HDFC Cash Management Treasury Advantage Fund
a3N20000000011bEAA,Templeton India Treasury Mgmt D,Templeton India Treasury Management Account - Regular Plan
a3N20000000011cEAA,Reliance Liquid Fund,Reliance Liquid Fund - Cash Plan
a3N20000000011dEAA,DSP BR Equity Fund,DSP BlackRock Equity Fund
a3N20000000011eEAA,Pramerica Equity Fund,Pramerica Equity Fund
a3N20000000011fEAA,BSL Frontline Equity Fund,Birla Sun Life Frontline Equity Fund
a3N20000000011gEAA,Pramerica Short Term Income Fund,Pramerica Short Term Income Fund
a3N20000000011hEAA,IDFC MM TPA,IDFC Money Manager Fund - Treasury Plan A
a3N20000000011iEAA,HDFC Hi Short Term Fund,HDFC High Interest Fund - Short Term Plan
a3N20000000011jEAA,BSL Savings Fund,Birla Sun Life Savings Fund
a3N200000000142EAA,Apollo Munich Easy Health Individual,Apollo Munich Easy Health Individual
a3N200000000143EAA,Citibank,NA
a3N200000000144EAA,HDFC Tax Saver (G),HDFC Tax Saver
a3N200000000145EAA,HDFC Tax Saver (D),HDFC Tax Saver
a3N200000000146EAA,ICICI Pru Flexi Income Plan,ICICI Flexi Income Fund
a3N200000000147EAA,ICICI Pru Focused Bluechip,ICICI Blue Chip Fund Growth
a3N200000000148EAA,ICICI Focused Bluechip,ICICI Blue Chip Fund Growth
a3N200000000149EAA,Sundaram Select Focus,Sundaram Select Focus
a3N20000000014AEAQ,Bajaj Allianz Critical Illness policy,Bajaj Allianz Critical Illness Cover
a3N20000000014BEAQ,Pramerica Ultra Short Term Bond Fund,Pramerica Ultra Short Term Bond Fund
a3N20000000014CEAQ,Dsp Blackrock Equity Fund,DSP BlackRock Equity Fund
a3N20000000014DEAQ,Franklin India Bluechip Fund,Franklin India Bluechip Fund
a3N20000000014EEAQ,Remaining,Savings Account
a3N20000000014FEAQ,Dsp BR top 100 equity fund,DSP BlackRock Top 100 Equity Fund
a3N20000000014GEAQ,Franklin india high growth,Franklin India High Growth Companies
a3N20000000014HEAQ,Hdfc top 200 fund G,HDFC Top 200 Fund
a3N20000000014IEAQ,L&T indo asia fund D,L & T Indo Asia
a3N20000000014JEAQ,canbank equity tax saver G,Canara Robeco Equity Taxsaver Regular
a3N20000000014KEAQ,Deutsche Tax Saving (G),DWS Tax Saving
a3N20000000014LEAQ,DSP BR Tax Saver Fund (G),DSP BlackRock Tax Saver Fund
a3N20000000014MEAQ,hdfc tax saver G,HDFC Tax Saver
a3N20000000014NEAQ,ICICI Pru Tax Plan (G),ICICI Prudential Tax Plan
a3N20000000014OEAQ,Kotak Tax Saver (G),TestTest
a3N20000000014PEAQ,L & T Tax Adv. Fund (G),L & T Tax Advantage
a3N20000000014QEAQ,PRINCIPAL Tax Saving,Principal Tax Savings
a3N20000000014REAQ,Reliance Tax Saver (G),Reliance Tax Saver (ELSS) Fund
a3N20000000014SEAQ,Religare Tax Plan (G,Religare Invesco Tax Plan
a3N20000000014TEAQ,SBI Tax Gain Scheme (G),SBI Magnum Tax Gain
a3N2000000001A6EAI,HDFC Equity Fund - Gr Folio:6823179/82,HDFC Equity Fund
a3N2000000001A7EAI,HDFC Equity Fund Gr Folio:7861617/20,HDFC Equity Fund
a3N2000000001A8EAI,HDFC Top 200 Fund Gr Folio:5758391/42,HDFC Top 200 Fund
a3N2000000001A9EAI,IDFC Premier Equity Fund Gr Folio:1200334/26,IDFC Premier Equity Fund - Plan A
a3N2000000001AAEAY,HDFC Prudence Fund Gr Folio:8271028/01,HDFC Prudence Fund
a3N2000000001ABEAY,TFMP 38 A Growth Folio:2695303/11,Templeton India Equity Income Fund
a3N2000000001ACEAY,IDFC Premier Equity Fund-Gr Folio:1092992/12,IDFC Premier Equity Fund - Plan A
a3N2000000001ADEAY,Templeton India Ultra-short Bond Fund,Templeton India Short-term Income Ret
a3N2000000001AEEAY,Bajaj Allianz Premium Personal Accident,Bajaj Allianz Premier Personal Guard
a3N2000000001AFEAY,Bajaj Allianz Personal Guard,Bajaj Allianz Premier Personal Guard
a3N2000000001AGEAY,HDFC Cash Management Treasury Advt,HDFC Cash Management Treasury Advantage Fund
a3N2000000001AHEAY,Birla SL Div Yield,Birla Sun Life Dividend Yield Plus
a3N2000000001AIEAY,Birla SL Dividend Yield,Birla Sun Life Dividend Yield Plus
a3N2000000001AJEAY,Bilra SL Dynamic Bond Fund,Birla Sun Life Dynamic Bond Fund
a3N2000000001AKEAY,Reliance Tax Saver,Reliance Tax Saver (ELSS) Fund
a3N2000000001ALEAY,Relaince Banking Fund,Reliance Banking
a3N2000000001AMEAY,DSP BR Tax Saver Fund,DSP BlackRock Tax Saver Fund
a3N2000000001ANEAY,HDFC Top 200-G,HDFC Top 200 Fund
a3N2000000001AOEAY,HDFC Equity Fund-G,HDFC Equity Fund
a3N2000000001APEAY,L&T Equity Fund-G,L & T Equity
a3N2000000001AQEAY,Sundaram BNP Paribas Select Midcap Growth,TestTest
a3N2000000001AREAY,BSL Dynamic,Birla Sun Life Dynamic Bond Fund
a3N2000000001ASEAY,UTI Gold Fund,UTI Gold
a3N2000000001ATEAY,Franklin India Blue-chip Fund - Div Reinvestment,Franklin India Bluechip Fund
a3N2000000001AUEAY,Hdfc Prudence Fund - Dividend Reinvestment,HDFC Prudence Fund
a3N2000000001AVEAY,HDFC Top 200 Fund - (G) [Folio:6036453/56],HDFC Top 200 Fund
a3N20000000015iEAA,ICICI Lombard Persoanl Accident Cover,ICICI Lombard Personal Accident Cover
a3N20000000015jEAA,ICICI Lombard Health Protect Plus,ICICI Lombard Health Protect Plus
a3N20000000015kEAA,IDFC Money Treasury A Manager,IDFC Money Manager Fund - Treasury Plan A
a3N20000000015lEAA,DSP Money Manage,DSP BlackRock Money Manager Fund
a3N20000000015mEAA,Bajaj Allianz Individual Health,Bajaj Allianz Health Guard
a3N20000000015nEAA,Axis Triple Advantge,Axis Triple Advanatage Fund
a3N20000000015oEAA,Apolo Munich Optima Senior,Apollo Munich Optima Senior
a3N20000000015pEAA,DSP BR Top 100 Fund,DSP BlackRock Top 100 Equity Fund
a3N20000000015qEAA,Prameirca Short Term Income Fund,Pramerica Short Term Income Fund
a3N20000000015rEAA,Axis Triple Advantage Funds,Axis Triple Advanatage Fund
a3N20000000015sEAA,L & T Special Situation Fund D,L & T India Special Situations Fund
a3N20000000015tEAA,Rel Equity Opportunies Fund D,Reliance Equity Opportunities Fund - Retail Plan (G)
a3N20000000015uEAA,SBI Dynamic Bond Fund,SBI Dynamic Bond Fund
a3N20000000015vEAA,L & T Special Situation Fund,L & T India Special Situations Fund
a3N20000000015wEAA,BSL Frontline Equity Fund D,Birla Sun Life Frontline Equity Fund
a3N20000000015xEAA,DSP Micro Cap,DSP BlackRock Micro Cap Fund
a3N20000000015yEAA,Birla Sun Life Frontline Equity,Birla Sun Life Frontline Equity Fund
a3N20000000015zEAA,Bajaj Allianz Critical Ilness,Bajaj Allianz Critical Illness Cover
a3N200000000160EAA,Sweep in Fixed Deposit,Fixed Deposit
a3N200000000161EAA,ICICI Pru Regular Savings,ICICI Prudential Regular Savings
a3N200000000162EAA,L&T Equity,L & T Equity
a3N200000000163EAA,L & T Equity,L & T Equity
a3N200000000164EAA,ICICI Pru Flexible Income (D),ICICI Flexi Income Fund
a3N200000000165EAA,Bajaj Allainz Personal Guard,Bajaj Allianz Premier Personal Guard
a3N200000000166EAA,DSP BR Short Term Fund,DSP BlackRock Short Term Fund
a3N200000000167EAA,BSL Medium Term Recurring Savings Plan,Birla Sun Life Medium Term Plan
a3N200000000168EAA,IDFC Money Manager Treasury Fund,IDFC Money Manager Fund - Treasury Plan A
a3N200000000169EAA,IDFC Money Manager Fund,IDFC Money Manager Fund - Treasury Plan A
a3N2000000001DaEAI,Axis Triple Advanatage,Axis Triple Advantage Fund
a3N2000000001DbEAI,Birla SL Savings Fund,BSL Savings Fund
a3N2000000001DcEAI,Birla SL Short Term,BSL Short Term Fund
a3N2000000001DdEAI,Birla Sunlife Frontline Equity,BSL Frontline Equity Fund
a3N2000000001DeEAI,Birla Sun Life Dynamic Bond Fund - Retail,BSL Dynamic Bond Fund
a3N2000000001DfEAI,Birla Sun Life Monthly Income Plan II,BSL Monthly Income  Plan
a3N2000000001DgEAI,Birla DIV Yield,Birla Div Yield Plus Fund
a3N2000000001DhEAI,Birla Div Yield Plus,Birla Div Yield Plus Fund
a3N2000000001DiEAI,Birla Medium Term Plan,Birla Medium Term Plan
a3N2000000001DjEAI,Birla SL - DBF Ret (G) [Folio:1015671499],BSL Dynamic Bond Fund
a3N2000000001DkEAI,BSL Frontline Equity Fund (G) Folio:1015671499,BSL Frontline Equity Fund
a3N2000000001DlEAI,DSP BlackRock Money Manger Fund,DSP BlackRock Money Manger Fund
a3N2000000001DmEAI,DSP BlackRock Money Manger Fund - (MD),DSP BlackRock Money Manger Fund
a3N2000000001DnEAI,DSP Short Term Fund,DSP Short Term Fund
a3N2000000001DoEAI,Edelweiss D.G.E. Top 100 Fund,Edelweiss D.G.E. Top 100 Fund
a3N2000000001DpEAI,Franklin Templeton Blue Chip Fund,Franklin India Blue Chip Fund
a3N2000000001DqEAI,Templ India Ultra-short Fund Super Inst Wkly D,Templeton India Ultra Short Bond Fund
a3N2000000001DrEAI,HDFC Gold,HDFC Gold Fund
a3N2000000001DsEAI,HDFC High Interest ST Income Growth,HDFC High Interest Fund
a3N2000000001DtEAI,HDFC CMF - Treasury Advantage Plan - Retail,HDFC CMF - Treasury Advantage Plan
a3N2000000001DuEAI,HDFC CMF - Treasury Advantage Plan - Retail - (MD),HDFC CMF - Treasury Advantage Plan
a3N2000000001DvEAI,HDFC Taxsaver,HDFC Tax saver Fund
a3N2000000001DwEAI,HDFC Top 200 Fund.,HDFC Top 200 Fund.
a3N2000000001DxEAI,HDFC Hi Stort Term Fund,HDFC Hi Stort Term Fund
a3N2000000001DyEAI,HDFC Multiple Yield (D),HDFC Multiple Yield (D)
a3N2000000001DzEAI,HDFC Top 200 Fund (G) Folio:8142942/42,BSL Frontline Equity Fund
a3N2000000001E0EAI,ICICI Prudential Focused Bluechip Equity Fund (G),ICICI Prudential Focused Blue chip Equity Fund
a3N2000000001E1EAI,ICICI Regular Savings Fund (G) [Folio:5938042/21],ICICI Regular Savings Fund
a3N2000000001E2EAI,ICICI Flexible Income,ICICI Flexible Income Fund
a3N2000000001E3EAI,ICICI Focused Bluechip Fund,ICICI Prudential Focused Blue chip Fund
a3N2000000001E4EAI,ICICI Pru Focused Bluechip Equit(G),ICICI Prudential Focused Blue chip Fund
a3N2000000001E5EAI,IDFC Tax Advantage Fund,IDFC Tax Advantage Fund
a3N2000000001E6EAI,IDFC MM Fund TP D Folio:1309749/29,IDFC Money Manager Treasury
a3N2000000001E7EAI,IDFC MM Treasury Plan A Fund,IDFC Money Manager Treasury
a3N2000000001E8EAI,IDFC Premier Equity Fund (G) Folio:1309749/29,IDFC Premier Equity Fund
a3N2000000001E9EAI,IDFC Treasury Advantage Plan,IDFC Treasury Advantage Fund
a3N2000000001EAEAY,Kotak Opportunites,Kotak Opportunities Fund
a3N2000000001EBEAY,L & T Gilt Investment,L & T Gilt fund
a3N2000000001ECEAY,Reliance Regular Savings Equity Plan,Reliance Regular Savings Equity Fund
a3N2000000001EDEAY,Reliance Equity opportunities Growth,Reliance Equity Opportunities Fund
a3N2000000001EEEAY,SBI FMCG Fund,SBI FMCG Fund
a3N2000000001EFEAY,SBI Emerging Business Fund,SBI Emerging Business Fund
a3N2000000001EGEAY,SBI Emerging Fund,SBI Emerging Business Fund
a3N2000000001EHEAY,SBI Dynamic Bond(G),SBI Dynamic Bond
a3N2000000001EIEAY,UTI Dynamic Bond Fund,UTI Dynamic Bond Fund
a3N2000000001ByEAI,HDFC Life Click 2 Protect,HDFC Life Click 2 Protect
a3N2000000001BzEAI,HDFC Click 2 Protect,HDFC Life Click 2 Protect
a3N2000000001C0EAI,"HDFC Click 2 Protect - Cover Rs.2,50,00,000 & Premium is Rs.35,758",HDFC Life Click 2 Protect
a3N2000000001C1EAI,HDFC Life Click 2 Protect,HDFC Life Click 2 Protect
a3N2000000001C2EAI,HDFC Life Click 2 Protect,HDFC Life Click 2 Protect
a3N2000000001C3EAI,HDFC Click 2 Protect,HDFC Life Click 2 Protect
a3N2000000001C4EAI,HDFC Life Click 2 Protect,HDFC Life Click 2 Protect
a3N2000000001C5EAI,HDFC Life Click 2 Protect,HDFC Life Click 2 Protect
a3N2000000001C6EAI,HDFC Click 2 Protect,HDFC Life Click 2 Protect
a3N2000000001C7EAI,HDFC Life Click2Protect,HDFC Life Click 2 Protect
a3N2000000001C8EAI,HDFC Life Click 2 Protect,HDFC Life Click 2 Protect
a3N2000000001C9EAI,HDFC Life Click 2 Protect,HDFC Life Click 2 Protect
a3N2000000001CAEAY,HDFC Click2Protect,HDFC Life Click 2 Protect
a3N2000000001CBEAY,HDFC Life Click 2 Protect,HDFC Life Click 2 Protect
a3N2000000001CCEAY,HDFC Life Click 2 Protect,HDFC Life Click 2 Protect
a3N2000000001CDEAY,HDFC Life Click 2 Protect,HDFC Life Click 2 Protect
a3N2000000001CEEAY,"HDFC Life Click 2 Protect - Cover of Rs.4,10,00,000.",HDFC Life Click 2 Protect
a3N2000000001CFEAY,HDFC Click2Protect (10000000),HDFC Life Click 2 Protect
a3N2000000001CGEAY,HDFC Life Click 2 protect,HDFC Life Click 2 Protect
a3N2000000001CHEAY,HDFC Life Click2Protect,HDFC Life Click 2 Protect
a3N2000000001CIEAY,HDFC Life Click 2 Protect,HDFC Life Click 2 Protect
a3N2000000001CJEAY,HDFC Click 2 Protect,HDFC Life Click 2 Protect
a3N2000000001CKEAY,HDFC Click 2 Protect,HDFC Life Click 2 Protect
a3N2000000001CLEAY,HDFC Life Click 2 Protect,HDFC Life Click 2 Protect
a3N2000000001CMEAY,HDFC Life Click 2 Protect,HDFC Life Click 2 Protect
a3N2000000001CNEAY,HDFC Life Click 2 Protect,HDFC Life Click 2 Protect
a3N2000000001COEAY,LIC Term Plan,LIC Term Plan
a3N2000000001CPEAY,LIC Term Plan,LIC Term Plan
a3N2000000001CQEAY,Kotak Preffered Term Plan,Kotak Life Preferred Term Plan
a3N2000000001CREAY,HDFC Life Click 2 Protect,HDFC Life Click 2 Protect
a3N2000000001CSEAY,HDFC Life Click2Protect,HDFC Life Click 2 Protect
a3N2000000001CTEAY,HDFC Life Click2Protect,HDFC Life Click 2 Protect
a3N2000000001CUEAY,HDFC Life Click 2 Protect (Sum Assured - 2.09cr),HDFC Life Click 2 Protect
a3N2000000001CVEAY,HDFC Click2Protect (13500000),HDFC Life Click 2 Protect
a3N2000000001CWEAY,HDFC Click2Protect (14500000),HDFC Life Click 2 Protect
a3N2000000001CXEAY,BSLI Protector Plus Plan,BSLI Protector Plus Plan
a3N2000000001CYEAY,HDFC Life Click2Protect,HDFC Life Click 2 Protect
a3N2000000001CZEAY,HDFC Life Click 2 Protect,HDFC Life Click 2 Protect
a3N2000000001CaEAI,"HDFC Click2Protect (Sum assured 9,000,000)",HDFC Life Click 2 Protect
a3N2000000001CbEAI,HDFC Life Click 2 Protect,HDFC Life Click 2 Protect
a3N2000000001CcEAI,HDFC Click 2 Protect - S.A. 1.4 cr,HDFC Life Click 2 Protect
a3N2000000001CdEAI,HDFC Life Click2Protect,HDFC Life Click 2 Protect
a3N2000000001CeEAI,HDFC Life Click2Protect,HDFC Life Click 2 Protect
a3N2000000001CfEAI,HDFC Life Click 2 Protect,HDFC Life Click 2 Protect
a3N2000000001CgEAI,HDFC Life Click 2 Protect,HDFC Life Click 2 Protect
a3N2000000001ChEAI,HDFC Life Click 2 Protect,HDFC Life Click 2 Protect
a3N2000000001CiEAI,HDFC Click2Protect,HDFC Life Click 2 Protect
a3N2000000001CjEAI,HDFC Life Click2Protect,HDFC Life Click 2 Protect
a3N2000000001CkEAI,HDFC Life Click2Protect,HDFC Life Click 2 Protect
a3N2000000001ClEAI,HDFC Life Click2Protect,HDFC Life Click 2 Protect
a3N2000000001CmEAI,HDFC Life Click 2 Protect ( 60 lac ),HDFC Life Click 2 Protect
a3N2000000001CnEAI,HDFC Life Click 2 Protect,HDFC Life Click 2 Protect
a3N2000000001CoEAI,HDFC Click 2 Protect - 1.5 cr,HDFC Life Click 2 Protect
a3N2000000001CpEAI,"HDFC Click2Protect - Cover of Rs.20,00,000",HDFC Life Click 2 Protect
a3N2000000001CqEAI,"HDFC Click2Protect - Cover of Rs.16,000,000",HDFC Life Click 2 Protect
a3N2000000001CrEAI,"HDFC Click2Protect - Cover for Rs.1,10,00,000",HDFC Life Click 2 Protect
a3N2000000001CsEAI,HDFC Life Click 2 Protect,HDFC Life Click 2 Protect
a3N2000000001CtEAI,HDFC Life Click 2 Protect (Sum Assured of Rs.1.04 Crore,HDFC Life Click 2 Protect
a3N2000000001CuEAI,HDFC Click 2 Protect,HDFC Life Click 2 Protect
a3N2000000001CvEAI,HDFC Click 2 Protect,HDFC Life Click 2 Protect
a3N2000000001CwEAI,"HDFC Click2Protect ( Sum Assured - Rs.75,00,000 )",HDFC Life Click 2 Protect
a3N2000000001CxEAI,HDFC Life Click 2 Protect,HDFC Life Click 2 Protect
a3N2000000001CyEAI,HDFC Life Click 2 Protect - Rs.60 lac,HDFC Life Click 2 Protect
a3N2000000001CzEAI,HDFC Life Click 2 Protect,HDFC Life Click 2 Protect
a3N2000000001D0EAI,HDFC Click 2 Protect,HDFC Life Click 2 Protect
a3N2000000001D1EAI,Hdfc Life Click2Protect,HDFC Life Click 2 Protect
a3N2000000001D2EAI,HDFC Life Click2Protect (SA 7000000),HDFC Life Click 2 Protect
a3N2000000001D3EAI,HDFC Life Click2Protect,HDFC Life Click 2 Protect
a3N2000000001D4EAI,HDFC Life Click 2 Protect,HDFC Life Click 2 Protect
a3N2000000001D5EAI,HDFC Click2Protect(1.55cr),HDFC Life Click 2 Protect
a3N2000000001D6EAI,"HDFC Life Click 2 Protect - Rs.10,00,000",HDFC Life Click 2 Protect
a3N2000000001D7EAI,HDFC Life Click 2 Protect,HDFC Life Click 2 Protect
a3N2000000001D8EAI,"HDFC Click2Protect ( Sum Assured - Rs.1,65,00,000 )",HDFC Life Click 2 Protect
a3N2000000001D9EAI,HDFC Life Click 2 Protect (Sum Assured - 2.23 cr),HDFC Life Click 2 Protect
a3N2000000001DAEAY,HDFC Click 2 Protect,HDFC Life Click 2 Protect
a3N2000000001DBEAY,HDFC Click 2 Protect,HDFC Life Click 2 Protect
a3N2000000001DCEAY,HDFC Life Click 2 Protect.,HDFC Life Click 2 Protect
a3N2000000001DDEAY,HDFC Life Click2Protect,HDFC Life Click 2 Protect
a3N2000000001DEEAY,"HDFC Life Click 2 Protect.(Sum Assured of Rs.50,00,000)",HDFC Life Click 2 Protect
a3N2000000001DFEAY,HDFC Life Click 2 Protect.,HDFC Life Click 2 Protect
a3N2000000001DGEAY,HDFC Life Click 2 Protect,HDFC Life Click 2 Protect
a3N2000000001DHEAY,"HDFC Life Click2Protect ( Sum Assured - Rs.1,14,00,000 )",HDFC Life Click 2 Protect
a3N2000000001DIEAY,HDFC Life Click 2 Protect,HDFC Life Click 2 Protect
a3N2000000001DJEAY,HDFC Life Click2Protect,HDFC Life Click 2 Protect
a3N2000000001DKEAY,HDFC Life Click2Protect,HDFC Life Click 2 Protect
a3N2000000001DLEAY,HDFC Click2Protect,HDFC Life Click 2 Protect
a3N2000000001DMEAY,HDFC Click2Protect,HDFC Life Click 2 Protect
a3N2000000001DNEAY,HDFC Click2Protect,HDFC Life Click 2 Protect
a3N2000000001DOEAY,HDFC Click2Protect,HDFC Life Click 2 Protect
a3N2000000001DPEAY,"HDFC Life Click 2 Protect.(Sum Assured of Rs.42,50,000)",HDFC Life Click 2 Protect
a3N2000000001DQEAY,HDFC Life Click 2 Protect,HDFC Life Click 2 Protect
a3N2000000001DREAY,HDFC Life Click 2 Protect.,HDFC Life Click 2 Protect
a3N2000000001DSEAY,HDFC Life Click2Protect,HDFC Life Click 2 Protect
a3N2000000001DTEAY,HDFC Life Click 2 Protect (Sum Assured Rs.90 lacs),HDFC Life Click 2 Protect
a3N2000000001DUEAY,HDFC Life Click 2 Protect (Sum Assured Rs.1.2 Crore),HDFC Life Click 2 Protect
a3N2000000001DVEAY,HDFC Life Click 2 Protect,HDFC Life Click 2 Protect
a3N2000000001DWEAY,HDFC Life Click 2 Protect,HDFC Life Click 2 Protect
a3N2000000001DXEAY,HDFC Life Click 2 Protect (Sum Assured - Rs.96 lacs),HDFC Life Click 2 Protect
a3N2000000001DYEAY,HDFC Life Click 2 Protect,HDFC Life Click 2 Protect
a3N2000000001DZEAY,"HDFC Life Click2Protect ( Sum Assured - Rs.61,88,000 )",HDFC Life Click 2 Protect
a3N2000000001AXEAY,HDFC Life Click 2 Protect,HDFC Life Click 2 Protect
a3N2000000001AYEAY,HDFC LIfe Click 2 Protect,HDFC Life Click 2 Protect
a3N2000000001AZEAY,HDFC Life Click2Protect,HDFC Life Click 2 Protect
a3N2000000001AaEAI,HDFC Life Click2Protect,HDFC Life Click 2 Protect
a3N2000000001AbEAI,HDFC Click2Protect(SA 5000000),HDFC Life Click 2 Protect
a3N2000000001AcEAI,"HDFC Click2Protect (SA 3,000,000)",HDFC Life Click 2 Protect
a3N2000000001AdEAI,HDFC Life Click2Protect,HDFC Life Click 2 Protect
a3N2000000001AeEAI,HDFC Life Click 2 Protect,HDFC Life Click 2 Protect
a3N2000000001AfEAI,HDFC Life Click 2 Protect,HDFC Life Click 2 Protect
a3N2000000001AgEAI,HDFC Life Click 2 Protect,HDFC Life Click 2 Protect
a3N2000000001AhEAI,HDFC Life Click 2 Protect.,HDFC Life Click 2 Protect
a3N2000000001AiEAI,HDFC Life Click 2 Protect,HDFC Life Click 2 Protect
a3N2000000001AjEAI,HDFC Click2Protect,HDFC Life Click 2 Protect
a3N2000000001AkEAI,"HDFC Click2Protect (8,000,000)",HDFC Life Click 2 Protect
a3N2000000001AlEAI,HDFC Life Click2Protect,HDFC Life Click 2 Protect
a3N2000000001AmEAI,HDFC Life Click2Protect,HDFC Life Click 2 Protect
a3N2000000001AnEAI,HDFC Life Click 2 Protect,HDFC Life Click 2 Protect
a3N2000000001AoEAI,HDFC Life Click 2 Protect (Sum Assured Rs.37 lacs),HDFC Life Click 2 Protect
a3N2000000001ApEAI,HDFC Click2Protect,HDFC Life Click 2 Protect
a3N2000000001AqEAI,Kotak Life Preferred Term Plan,Kotak Life Preferred Term Plan
a3N2000000001ArEAI,Kotak Life Preferred Term Plan,Kotak Life Preferred Term Plan
a3N2000000001AsEAI,HDFC Click2Protect,HDFC Life Click 2 Protect
a3N2000000001AtEAI,HDFC Click 2 Protect,HDFC Life Click 2 Protect
a3N2000000001AuEAI,HDFC Click 2 Protect,HDFC Life Click 2 Protect
a3N2000000001AvEAI,HDFC Click 2 Protect,HDFC Life Click 2 Protect
a3N2000000001AwEAI,HDFC Life Click 2 Protect,HDFC Life Click 2 Protect
a3N2000000001AxEAI,HDFC Life Clicl 2Protect,HDFC Life Click 2 Protect
a3N2000000001AyEAI,HDFC Life Click2Protect,HDFC Life Click 2 Protect
a3N2000000001AzEAI,HDFC Click 2 Protect,HDFC Life Click 2 Protect
a3N2000000001B0EAI,HDFC Click 2 Protect,HDFC Life Click 2 Protect
a3N2000000001B1EAI,HDFC Life Click 2 Protect,HDFC Life Click 2 Protect
a3N2000000001B2EAI,HDFC Click 2 protect,HDFC Life Click 2 Protect
a3N2000000001B3EAI,HDFC Life Click 2Protect,HDFC Life Click 2 Protect
a3N2000000001B4EAI,HDFC Life Click2Protect,HDFC Life Click 2 Protect
a3N2000000001B5EAI,HDFC Life Click 2 Protect.,HDFC Life Click 2 Protect
a3N2000000001B6EAI,HDFC Life Click 2 Protect,HDFC Life Click 2 Protect
a3N2000000001B7EAI,HDFC Click2Protect (40 lacs),HDFC Life Click 2 Protect
a3N2000000001B8EAI,HDFC Click 2 Protect,HDFC Life Click 2 Protect
a3N2000000001B9EAI,HDFC Life Click 2 Protect,HDFC Life Click 2 Protect
a3N2000000001BAEAY,HDFC Life Click 2 Protect (Sum Assured - 1.04 crore),HDFC Life Click 2 Protect
a3N2000000001BBEAY,"HDFC Click2Protect (SA 14,000,000)",HDFC Life Click 2 Protect
a3N2000000001BCEAY,HDFC Click 2 Protect,HDFC Life Click 2 Protect
a3N2000000001BDEAY,HDFC Click 2 Protect,HDFC Life Click 2 Protect
a3N2000000001BEEAY,"HDFC Click2Protect (SA 15,500,000)",HDFC Life Click 2 Protect
a3N2000000001BFEAY,HDFC Click 2 Protect,HDFC Life Click 2 Protect
a3N2000000001BGEAY,HDFC Life Click2Protect,HDFC Life Click 2 Protect
a3N2000000001BHEAY,HDFC Life CLick 2 Protect,HDFC Life Click 2 Protect
a3N2000000001BIEAY,HDFC Life Click 2 Protect,HDFC Life Click 2 Protect
a3N2000000001BJEAY,"HDFC Click2Protect (SA 2,000,000)",HDFC Life Click 2 Protect
a3N2000000001BKEAY,HDFC Life Click 2 Protect. (Sum Assured of Rs.1 Crore),HDFC Life Click 2 Protect
a3N2000000001BLEAY,HDFC Life Click 2 Protect,HDFC Life Click 2 Protect
a3N2000000001BMEAY,HDFC Click 2 Protect,HDFC Life Click 2 Protect
a3N2000000001BNEAY,HDFC Life Click 2 Protect.(Sum Assured of Rs.1.25 Crore),HDFC Life Click 2 Protect
a3N2000000001BOEAY,HDFC Life Click 2 Protect,HDFC Life Click 2 Protect
a3N2000000001BPEAY,HDFC Life Click 2 Protect,HDFC Life Click 2 Protect
a3N2000000001BQEAY,HDFC Life Click 2 Protect,HDFC Life Click 2 Protect
a3N2000000001BREAY,"HDFC Life Click 2 Protect - Sum assured - Rs.29,000,000",HDFC Life Click 2 Protect
a3N2000000001BSEAY,HDFC Click 2 Protect,HDFC Life Click 2 Protect
a3N2000000001BTEAY,HDFC Click 2 Protect,HDFC Life Click 2 Protect
a3N2000000001BUEAY,HDFC Life Click 2 Protect,HDFC Life Click 2 Protect
a3N2000000001BVEAY,HDFC Life Click 2 Protect,HDFC Life Click 2 Protect
a3N2000000001BWEAY,HDFC Life Click 2 Protect,HDFC Life Click 2 Protect
a3N2000000001BXEAY,"HDFC Click2Protect (SA 10,000,000)",HDFC Life Click 2 Protect
a3N2000000001BYEAY,HDFC Life Click 2 Protect,HDFC Life Click 2 Protect
a3N2000000001BZEAY,HDFC Life Click2Protect,HDFC Life Click 2 Protect
a3N2000000001BaEAI,"HDFC Click 2 Protect - Cover of Rs.17,000,000",HDFC Life Click 2 Protect
a3N2000000001BbEAI,HDFC Lfe Click2Protect,HDFC Life Click 2 Protect
a3N2000000001BcEAI,HDFC Life Click 2 Protect,HDFC Life Click 2 Protect
a3N2000000001BdEAI,HDFC Life Click 2 Protect,HDFC Life Click 2 Protect
a3N2000000001BeEAI,"HDFC Life Click 2 Protect (Sum Assured of Rs.14,00,000)",HDFC Life Click 2 Protect
a3N2000000001BfEAI,Hdfc Life Click2Protect,HDFC Life Click 2 Protect
a3N2000000001BgEAI,Hdfc Life Click2Protect,HDFC Life Click 2 Protect
a3N2000000001BhEAI,HDFC Life Click 2 Protect,HDFC Life Click 2 Protect
a3N2000000001BiEAI,HDFC Life Click 2 Protect,HDFC Life Click 2 Protect
a3N2000000001BjEAI,HDFC Click 2 Protect,HDFC Life Click 2 Protect
a3N2000000001BkEAI,BSLI Protector Plus Plan,BSLI Protector Plus Plan
a3N2000000001BlEAI,HDFC Click 2 Protect,HDFC Life Click 2 Protect
a3N2000000001BmEAI,HDFC Click 2 Protect,HDFC Life Click 2 Protect
a3N2000000001BnEAI,HDFC Life Click 2 Protect,HDFC Life Click 2 Protect
a3N2000000001BoEAI,HDFC Life Click 2 Protect,HDFC Life Click 2 Protect
a3N2000000001BpEAI,HDFC Click 2 Protect,HDFC Life Click 2 Protect
a3N2000000001BqEAI,HDFC Click 2 Protect,HDFC Life Click 2 Protect
a3N2000000001BrEAI,HDFC Life Click 2 Protect,HDFC Life Click 2 Protect
a3N2000000001BsEAI,HDFC Life Click 2 Protect,HDFC Life Click 2 Protect
a3N2000000001BtEAI,"HDFC Life Click2Protect ( Sum Assured - Rs.2,90,00,000 )",HDFC Life Click 2 Protect
a3N2000000001BuEAI,HDFC Life Click2Protect,HDFC Life Click 2 Protect
a3N2000000001BvEAI,HDFC LIfe Click 2 Protect,HDFC Life Click 2 Protect
a3N2000000001BwEAI,HDFC Life Click2Protect,HDFC Life Click 2 Protect
a3N2000000001BxEAI,HDFC Life Click2Protect,HDFC Life Click 2 Protect
